"Station Id",,"Avg. Test Fees","Station Name",Address,City,ZIP,Latitude,Longitude,"Accuracy Score","Accuracy Type",Number,Street,City,State,County,Zip,Country,Source
2,,$25,"KEN GARFF MERCEDES BENZ","575 SOUTH STATE","SALT LAKE CITY",84111,40.756698,-111.887756,1,rooftop,575,"S State St","Salt Lake City",UT,"Salt Lake County",84111,US,"Utah AGRC (and individual UT counties)"
24,,$39,"OLYMPUS HILLS SINCLAIR","3905 SOUTH WASATCH BLVD","SALT LAKE CITY",84124,40.686708,-111.795525,1,rooftop,3905,"S Wasatch Blvd","Salt Lake City",UT,"Salt Lake County",84124,US,"Utah AGRC (and individual UT counties)"
28,,$31,"UNION SERVICE","997 EAST 7220 SOUTH",MIDVALE,84047,40.619111,-111.862117,1,range_interpolation,997,"E 7220 S",Midvale,UT,"Salt Lake County",84047,US,"TIGER/Line® dataset from the US Census Bureau"
38,,$30,"LARRY H. MILLER TOYOTA","5650 S STATE ST",MURRAY,84107,40.648415,-111.88955,1,rooftop,5650,"S State St","Salt Lake City",UT,"Salt Lake County",84107,US,"Utah AGRC (and individual UT counties)"
46,,$35,"QUALITY TIRE CO.","1335 WEST 2100 SOUTH","SALT LAKE CITY",84119,40.725605,-111.929081,0.9,rooftop,1335,"W 2100 S","Salt Lake City",UT,"Salt Lake County",84104,US,"Utah AGRC (and individual UT counties)"
58,,$25,"RIVERTON CHEVROLET","11100 S JORDAN GTWY","SOUTH JORDAN",84095,40.550723,-111.899462,1,rooftop,11100,"S Jordan Gtwy","South Jordan",UT,"Salt Lake County",84095,US,"Utah AGRC (and individual UT counties)"
64,,$35,"NEIL'S PRO SERVICE","1204 WEST 600 NORTH","SALT LAKE CITY",84116,40.782695,-111.925994,1,rooftop,1204,"W 600 N","Salt Lake City",UT,"Salt Lake County",84116,US,"Utah AGRC (and individual UT counties)"
69,,$48,"PERFORMANCE PLACE INC.","10246 SOUTH 1700 WEST","SOUTH JORDAN",84095,40.563186,-111.938799,1,range_interpolation,10246,"S 1700 W","South Jordan",UT,"Salt Lake County",84095,US,"TIGER/Line® dataset from the US Census Bureau"
70,,$35,"DENNYS AUTO","11999 SOUTH REDWOOD RD",RIVERTON,84065,40.532996,-111.938206,1,rooftop,11999,"S Redwood Rd",Riverton,UT,"Salt Lake County",84065,US,"Utah AGRC (and individual UT counties)"
73,,$37,"THE LITTLE GARAGE","1161 SOUTH 300 WEST","SALT LAKE CITY",84101,40.743727,-111.899433,1,rooftop,1161,"S 300 W","Salt Lake City",UT,"Salt Lake County",84101,US,"Utah AGRC (and individual UT counties)"
96,,$27,"NATE WADE SUBARU","1207 SOUTH MAIN ST.","SALT LAKE CITY",84111,40.742543,-111.890768,1,rooftop,1207,"S Main St","Salt Lake City",UT,"Salt Lake County",84111,US,"Utah AGRC (and individual UT counties)"
107,,$25,"LARRY'S CAR CARE","2965 S 3600 W","WEST VALLEY",84119,40.706442,-111.976454,1,rooftop,2965,"S 3600 W","Salt Lake City",UT,"Salt Lake County",84119,US,"Utah AGRC (and individual UT counties)"
109,,$33,"GINES AUTO SERVICE INC","4261 WEST 5415 SOUTH",KEARNS,84118,40.652476,-111.992387,1,rooftop,4261,"W 5415 S","Salt Lake City",UT,"Salt Lake County",84118,US,"Utah AGRC (and individual UT counties)"
130,,$43,"PARRY'S SERVICE","14250 SO. 1700 WEST",BLUFFDALE,84065,40.492229,-111.939055,1,range_interpolation,14250,"S 1700 W",Riverton,UT,"Salt Lake County",84065,US,"TIGER/Line® dataset from the US Census Bureau"
133,,$25,"VARGAS AUTO","3401 S WEST TEMPLE","SALT LAKE CITY",84115,40.698017,-111.893983,1,range_interpolation,3401,"S West Temple","Salt Lake City",UT,"Salt Lake County",84115,US,"TIGER/Line® dataset from the US Census Bureau"
135,,$40,"GREASE MONKEY","10352 So. BECKSTEAD LN","SOUTH JORDAN",84095,40.554098,-111.953891,0.33,place,,,"South Jordan",UT,"Salt Lake County",84095,US,"TIGER/Line® dataset from the US Census Bureau"
139,,$31,"BMW OF MURRAY","4735 So. STATE ST.",MURRAY,84107,40.666892,-111.887991,0.3,place,,,Murray,UT,"Salt Lake County",84107,US,"TIGER/Line® dataset from the US Census Bureau"
140,,$35,"STEVES AUTOMOTIVE SPECIAL","2809 S 2300 E","SALT LAKE CITY",84109,40.710467,-111.824064,1,rooftop,2809,"S 2300 E","Salt Lake City",UT,"Salt Lake County",84109,US,"Utah AGRC (and individual UT counties)"
155,,$40,"ERV'S AUTOMOTIVE","1041W BULLION ST",MURRAY,84123,40.645714,-111.921067,1,rooftop,1041,"W Bullion St","Salt Lake City",UT,"Salt Lake County",84123,US,"Utah AGRC (and individual UT counties)"
157,,$33,"HORNER'S CHEVRON","1688 EAST 1700 SOUTH","SALT LAKE CITY",84105,40.733196,-111.842516,1,rooftop,1688,"E 1700 S","Salt Lake City",UT,"Salt Lake County",84105,US,"Utah AGRC (and individual UT counties)"
158,,$40,"SLAUGH'S CAR CARE","807 EAST 200 SOUTH","SALT LAKE CITY",84102,40.765431,-111.867747,1,rooftop,807,"E 200 S","Salt Lake City",UT,"Salt Lake County",84102,US,"Utah AGRC (and individual UT counties)"
165,,$33,"CAPITOL MUFFLER","964 SOUTH STATE ST.","SALT LAKE CITY",84111,40.748207,-111.888827,1,rooftop,964,"S State St","Salt Lake City",UT,"Salt Lake County",84111,US,"Utah AGRC (and individual UT counties)"
174,,$28,"REED IVERSON REPAIR","3175 SOUTH 300 WEST","SALT LAKE CITY",84115,40.701876,-111.899404,1,rooftop,3175,"S 300 W","Salt Lake City",UT,"Salt Lake County",84115,US,"Utah AGRC (and individual UT counties)"
175,,$36,"COTTONWOOD GARAGE","2049 EAST 6200 SOUTH","SALT LAKE CITY",84121,40.639169,-111.832726,1,rooftop,2049,"E 6200 S","Salt Lake City",UT,"Salt Lake County",84121,US,"Utah AGRC (and individual UT counties)"
191,,$35,"BUCK'S CAR CLINIC","220 W 9210 So",SANDY,84070,40.584191,-111.898,1,rooftop,220,"W 9210 S",Sandy,UT,"Salt Lake County",84070,US,"Utah AGRC (and individual UT counties)"
200,,$30,"PAUL'S AUTOMOTIVE","48 EAST 9400 SOUTH",SANDY,84070,40.580229,-111.889689,1,rooftop,48,"E 9400 S",Sandy,UT,"Salt Lake County",84070,US,"Utah AGRC (and individual UT counties)"
214,,$28,"THOMAS TIRE CENTER","3555 SOUTH 3600 WEST","WEST VALLEY CITY",84119,40.694793,-111.976564,1,rooftop,3555,"S 3600 W","Salt Lake City",UT,"Salt Lake County",84119,US,"Utah AGRC (and individual UT counties)"
221,,$33,"G.T. AUTOMOTIVE","919 W. BAXTER DR.","SOUTH JORDAN",84095,40.560258,-111.915926,1,rooftop,919,"W Baxter Dr","South Jordan",UT,"Salt Lake County",84095,US,"Utah AGRC (and individual UT counties)"
222,,$36,"HARRIS AUTO REPAIR","953 So. EDISON (140 E.)","SALT LAKE CITY",84111,40.755596,-111.883718,0.33,place,,,"Salt Lake City",UT,"Salt Lake County",84111,US,"TIGER/Line® dataset from the US Census Bureau"
233,,$33,"LARRY H. MILLER CHEVROLET","5500 SOUTH STATE ST.",MURRAY,84107,40.65174,-111.889504,1,rooftop,5500,"S State St","Salt Lake City",UT,"Salt Lake County",84107,US,"Utah AGRC (and individual UT counties)"
234,,$32,"JERRY LAMBERT AUTOMOTIVE","398 EAST 3300 SOUTH","SALT LAKE CITY",84115,40.699593,-111.879902,1,rooftop,398,"E 3300 S","Salt Lake City",UT,"Salt Lake County",84115,US,"Utah AGRC (and individual UT counties)"
240,,$37,"UPTOWN SERVICE","2276 EAST 2100 SOUTH","SALT LAKE CITY",84109,40.725032,-111.825374,1,rooftop,2276,"E 2100 S","Salt Lake City",UT,"Salt Lake County",84109,US,"Utah AGRC (and individual UT counties)"
246,,$62,AUTO-MOTION,"8054 SOUTH STATE ST",MIDVALE,84047,40.604915,-111.891573,1,rooftop,8054,"S State St",Midvale,UT,"Salt Lake County",84047,US,"Utah AGRC (and individual UT counties)"
250,,$35,"APOSHIAN GARAGE","1450 EAST 3300 SOUTH","SALT LAKE CITY",84106,40.699679,-111.849757,1,rooftop,1450,"E 3300 S","Salt Lake City",UT,"Salt Lake County",84106,US,"Utah AGRC (and individual UT counties)"
264,,$35,"TERRYS CHEVRON SERVICE","572 WEST 9400 SOUTH",SANDY,84070,40.58106,-111.907132,1,rooftop,572,"W 9400 S",Sandy,UT,"Salt Lake County",84070,US,"Utah AGRC (and individual UT counties)"
304,,$36,"ENGINUITY AUTOMOTIVE SVCS","5926 STRATLER ST. (380 W.)",MURRAY,84107,40.642008,-111.901757,1,range_interpolation,5926,"Stratler St","Salt Lake City",UT,"Salt Lake County",84107,US,"TIGER/Line® dataset from the US Census Bureau"
339,,$35,"AIR VIEW SERVICE","1646 So 1100 E","SALT LAKE CITY",84105,40.733774,-111.859997,1,rooftop,1646,"S 1100 E","Salt Lake City",UT,"Salt Lake County",84105,US,"Utah AGRC (and individual UT counties)"
362,,$35,"B & R TIRE","2950 SOUTH 300 WEST","SALT LAKE CITY",84115,40.70654,-111.90001,1,rooftop,2950,"S 300 W","Salt Lake City",UT,"Salt Lake County",84115,US,"Utah AGRC (and individual UT counties)"
371,,$38,"KEARNS AUTO CENTER INC","4219 WEST 5415 SOUTH",KEARNS,84118,40.652479,-111.991277,1,rooftop,4219,"W 5415 S","Salt Lake City",UT,"Salt Lake County",84118,US,"Utah AGRC (and individual UT counties)"
372,,$33,"PLOWGIAN AUTO REPAIR","1357 EAST 3300 SOUTH","SALT LAKE CITY",84106,40.700144,-111.852323,1,rooftop,1357,"E 3300 S","Salt Lake City",UT,"Salt Lake County",84106,US,"Utah AGRC (and individual UT counties)"
383,,$33,"LARRY H. MILLER CHRYSLER","10905 SOUTH AUTOMALL DR",SANDY,84070,40.55322,-111.893946,1,rooftop,10905,"S Automall Dr",Sandy,UT,"Salt Lake County",84070,US,"Utah AGRC (and individual UT counties)"
389,,$39,"COLBY'S TIRE","909 W SOUTH TEMPLE","SALT LAKE CITY",84104,40.769184,-111.91702,1,range_interpolation,909,"W South Temple","Salt Lake City",UT,"Salt Lake County",84104,US,"TIGER/Line® dataset from the US Census Bureau"
426,,$34,"TIRE WORLD","2627 SOUTH 300 WEST","SALT LAKE CITY",84115,40.714323,-111.899372,1,rooftop,2627,"S 300 W","Salt Lake City",UT,"Salt Lake County",84115,US,"Utah AGRC (and individual UT counties)"
448,,$35,"MILLERS FOREIGN CAR","60 E HARVARD AVE","SALT LAKE CITY",84111,40.744713,-111.889206,1,rooftop,60,"E Harvard Ave","Salt Lake City",UT,"Salt Lake County",84111,US,"Utah AGRC (and individual UT counties)"
456,,$41,"SPEEDWAY EMISSION","8131 So. REDWOOD RD.","WEST JORDAN",84088,40.587629,-111.98342,0.33,place,,,"West Jordan",UT,"Salt Lake County",84088,US,"TIGER/Line® dataset from the US Census Bureau"
459,,$33,"JERRY SEINER BUICK GMC","10487 So. JORDAN GATEWAY (400 W.)","SOUTH JORDAN",84095,40.554098,-111.953891,0.33,place,,,"South Jordan",UT,"Salt Lake County",84095,US,"TIGER/Line® dataset from the US Census Bureau"
462,,$34,"MIKE HALE ACURA","5601 S STATE ST",MURRAY,84107,40.648624,-111.887846,1,rooftop,5601,"S State St","Salt Lake City",UT,"Salt Lake County",84107,US,"Utah AGRC (and individual UT counties)"
466,,$30,"PRO REPAIR AND SERVICE","4815 SOUTH 300 WEST",MURRAY,84107,40.667074,-111.89941,1,range_interpolation,4815,"S 300 W","Salt Lake City",UT,"Salt Lake County",84107,US,"TIGER/Line® dataset from the US Census Bureau"
493,,$36,"PRECISION AUTOMOTIVE","6955 SOUTH 400 WEST",MIDVALE,84047,40.625079,-111.900903,1,rooftop,6955,"S 400 W",Midvale,UT,"Salt Lake County",84047,US,"Utah AGRC (and individual UT counties)"
495,,$35,"JODY WILKINSON ACURA","1111 So. MAIN ST.","SALT LAKE CITY",84111,40.755596,-111.883718,0.33,place,,,"Salt Lake City",UT,"Salt Lake County",84111,US,"TIGER/Line® dataset from the US Census Bureau"
512,,$40,"MASTER TECH AUTOMOTIVE","1717 SOUTH STATE","SALT LAKE CITY",84115,40.733042,-111.887531,1,rooftop,1717,"S State St","Salt Lake City",UT,"Salt Lake County",84115,US,"Utah AGRC (and individual UT counties)"
525,,$25,"TRI AUTO REPAIR","56 E. FIRECLAY (4295 So.)",MURRAY,84107,40.677855,-111.889807,1,rooftop,56,"E Fireclay Ave","Salt Lake City",UT,"Salt Lake County",84107,US,"Utah AGRC (and individual UT counties)"
527,,$39,"THIRD AVE. CAR CLINIC","3RD AVE. N STREET","SALT LAKE CITY",84103,40.778841,-111.899529,0.9,street_center,,"N 3rd W","Salt Lake City",UT,"Salt Lake County",84103,US,"TIGER/Line® dataset from the US Census Bureau"
537,,$32,"JEFFREY P. DAVIS AUTO","4707 SO COMMERCE DR",MURRAY,84107,40.666892,-111.887991,0.3,place,,,Murray,UT,"Salt Lake County",84107,US,"TIGER/Line® dataset from the US Census Bureau"
546,,$35,"MASTER MUFFLER","1595 WEST 7800 SOUTH","WEST JORDAN",84088,40.608418,-111.935819,1,rooftop,1595,"W 7800 S","West Jordan",UT,"Salt Lake County",84088,US,"Utah AGRC (and individual UT counties)"
555,,$45,"YOUNG BROTHERS","918 E. SOUTH UNION BLVD. (7220 So.)",MIDVALE,84047,40.619863,-111.865652,1,range_interpolation,918,"E South Union Ave",Midvale,UT,"Salt Lake County",84047,US,"TIGER/Line® dataset from the US Census Bureau"
561,,$25,"MASTER MUFFLER","9235 SOUTH 700 EAST",SANDY,84070,40.584157,-111.871833,1,rooftop,9235,"S 700 E",Sandy,UT,"Salt Lake County",84070,US,"Utah AGRC (and individual UT counties)"
574,,$30,"BT AUTOMOTIVE #574","7951 So. STATE ST",MIDVALE,84047,40.61106,-111.89994,0.33,place,,,Midvale,UT,"Salt Lake County",84047,US,"TIGER/Line® dataset from the US Census Bureau"
580,,$36,"MARK MILLER SUBARU","3535 SO STATE ST","SALT LAKE CITY",84115,40.714496,-111.893118,0.33,place,,,"Salt Lake City",UT,"Salt Lake County",84115,US,"TIGER/Line® dataset from the US Census Bureau"
608,,$51,"TIM DAHLE IMPORTS","4528 SOUTH STATE",MURRAY,84107,40.672846,-111.889103,1,rooftop,4528,"S State St","Salt Lake City",UT,"Salt Lake County",84107,US,"Utah AGRC (and individual UT counties)"
613,,$36,"LANCER AUTOMOTIVE INC.","3687 SOUTH 300 WEST","SALT LAKE CITY",84115,40.690919,-111.899212,1,rooftop,3687,"S 300 W","Salt Lake City",UT,"Salt Lake County",84115,US,"Utah AGRC (and individual UT counties)"
622,,$26,"KEN GARFF VOLVO/JAG/FIAT","150 E 500 S","SALT LAKE CITY",84111,40.758075,-111.887017,1,rooftop,150,"E 500 S","Salt Lake City",UT,"Salt Lake County",84111,US,"Utah AGRC (and individual UT counties)"
648,,$30,"PURCELL TIRE COMPANY","2910 W. 2100 So.","West Valley ",84119,40.727724,-111.966708,1,range_interpolation,2910,"W 2100 S","Salt Lake City",UT,"Salt Lake County",84119,US,"TIGER/Line® dataset from the US Census Bureau"
650,,$26,"MARK MILLER TOYOTA","730 SO WEST TEMPLE","SALT LAKE CITY",84101,40.756095,-111.900719,0.33,place,,,"Salt Lake City",UT,"Salt Lake County",84101,US,"TIGER/Line® dataset from the US Census Bureau"
658,,$41,"YOCUM AUTO REPAIR","9326 SOUTH 300 WEST",SANDY,84070,40.582084,-111.901321,1,rooftop,9326,"S 300 W",Sandy,UT,"Salt Lake County",84070,US,"Utah AGRC (and individual UT counties)"
665,,$33,"MASTER MUFFLER","3865 SOUTH STATE","SALT LAKE CITY",84115,40.687886,-111.887983,1,rooftop,3865,"S State St","Salt Lake City",UT,"Salt Lake County",84115,US,"Utah AGRC (and individual UT counties)"
668,,$39,"LARRY H. MILLER LEXUS","5686 SO STATE ST",MURRAY,84107,40.666892,-111.887991,0.3,place,,,Murray,UT,"Salt Lake County",84107,US,"TIGER/Line® dataset from the US Census Bureau"
681,,$30,"SALT LAKE VALLEY GMC","725 WEST 3300 SOUTH","SALT LAKE CITY",84119,40.698261,-111.912243,1,rooftop,725,"W 3300 S","Salt Lake City",UT,"Salt Lake County",84119,US,"Utah AGRC (and individual UT counties)"
695,,$30,"MURRAY CAR CARE CENTER","5815 S STATE ST",MURRAY,84107,40.64462,-111.888436,1,rooftop,5815,"S State St","Salt Lake City",UT,"Salt Lake County",84107,US,"Utah AGRC (and individual UT counties)"
715,,$35,"MASTER MUFFLER","6790 SOUTH STATE",MURRAY,84107,40.628272,-111.890444,1,rooftop,6790,"S State St","Salt Lake City",UT,"Salt Lake County",84107,US,"Utah AGRC (and individual UT counties)"
741,,$38,"HILLSIDE TIRE","10651 SOUTH AUTOMALL DR.",SANDY,84070,40.557997,-111.893417,1,rooftop,10651,"S Automall Dr",Sandy,UT,"Salt Lake County",84070,US,"Utah AGRC (and individual UT counties)"
746,,$36,"HILLSIDE TIRE","2255 FT. UNION BLVD. (6910 So.)","SALT LAKE CITY",84121,40.622557,-111.777749,0.33,place,,,"Salt Lake City",UT,"Salt Lake County",84121,US,"TIGER/Line® dataset from the US Census Bureau"
748,,$43,"TURN KEY SERVICE","4701 SOUTH 300 WEST",MURRAY,84107,40.669732,-111.899524,1,range_interpolation,4701,"S 300 W","Salt Lake City",UT,"Salt Lake County",84107,US,"TIGER/Line® dataset from the US Census Bureau"
753,,$32,"ADVANCED AUTOMOTIVE","3994 So. 300 W. #1",MURRAY,84107,40.684777,-111.901866,1,rooftop,3994,"S 300 W","Salt Lake City",UT,"Salt Lake County",84107,US,"Utah AGRC (and individual UT counties)"
775,,$40,"CRAIG'S SERVICE CENTER","904 So 1300 E","Salt Lake City",84105,40.749442,-111.854297,1,rooftop,904,"S 1300 E","Salt Lake City",UT,"Salt Lake County",84105,US,"Utah AGRC (and individual UT counties)"
805,,$31,"LARRY H. MILLER HONDA","5808 SOUTH STATE",MURRAY,84107,40.644963,-111.889787,1,rooftop,5808,"S State St","Salt Lake City",UT,"Salt Lake County",84107,US,"Utah AGRC (and individual UT counties)"
808,,$30,"D. DAHLE MAZDA","4595 SOUTH STATE",MURRAY,84107,40.67223,-111.887904,1,rooftop,4595,"S State St","Salt Lake City",UT,"Salt Lake County",84107,US,"Utah AGRC (and individual UT counties)"
810,,$43,"UTAH SAFETY and EMISSIONS","3718 WEST 5400 SOUTH",KEARNS,84118,40.65339,-111.979418,0.8,rooftop,3718,"W 5400 S","Salt Lake City",UT,"Salt Lake County",84129,US,"Utah AGRC (and individual UT counties)"
831,,$30,"KEN GARFF NISSAN SL","777 S WEST TEMPLE","SALT LAKE CITY",84101,40.752437,-111.893797,1,range_interpolation,777,"S West Temple","Salt Lake City",UT,"Salt Lake County",84101,US,"TIGER/Line® dataset from the US Census Bureau"
832,,$32,"KEN GARFF WEST VALLEY DODGE","4175 WEST 3500 SOUTH","WEST VALLEY CITY",84120,40.695088,-111.990104,1,rooftop,4175,"W 3500 S","Salt Lake City",UT,"Salt Lake County",84120,US,"Utah AGRC (and individual UT counties)"
838,,$25,"NEW DEES AUTOMOTIVE","4062 S STATE ST",MURRAY,84107,40.683477,-111.888595,1,rooftop,4062,"S State St","Salt Lake City",UT,"Salt Lake County",84107,US,"Utah AGRC (and individual UT counties)"
862,,$53,"QUICK LUBE","5555 SOUTH 900 EAST","SALT LAKE CITY",84117,40.650667,-111.865474,1,rooftop,5555,"S 900 E","Salt Lake City",UT,"Salt Lake County",84117,US,"Utah AGRC (and individual UT counties)"
863,,$19,"CU AUTO SALES","4144 S STATE ST",MURRAY,84107,40.681563,-111.888842,1,rooftop,4144,"S State St","Salt Lake City",UT,"Salt Lake County",84107,US,"Utah AGRC (and individual UT counties)"
870,,$32,"UTAH VALLEY TIRE, INC.","420 SOUTH 500 EAST","SALT LAKE CITY",84102,40.760035,-111.877204,1,rooftop,420,"S 500 E","Salt Lake City",UT,"Salt Lake County",84102,US,"Utah AGRC (and individual UT counties)"
893,,$30,"JAKES AUTO AND TRUCK REPAIR","12665 S. MINUTEMAN DR.",DRAPER,84020,40.520815,-111.890339,1,rooftop,12665,"S Minuteman Dr",Draper,UT,"Salt Lake County",84020,US,"Utah AGRC (and individual UT counties)"
895,,$26,"SUNS AUTO REPAIRS","2448 S CONSTITUTION BLVD","WEST VALLEY CITY",84119,40.717268,-111.958453,1,rooftop,2448,"S Constitution Blvd","Salt Lake City",UT,"Salt Lake County",84119,US,"Utah AGRC (and individual UT counties)"
898,,$30,"BOW TIE AUTO REPAIR","69 W 3400 S0.","SALT LAKE CITY",84115,40.69774,-111.893455,1,rooftop,69,"W 3400 S","Salt Lake City",UT,"Salt Lake County",84115,US,"Utah AGRC (and individual UT counties)"
901,,$30,"AUTOGRAFF MOTOR WORKS","50 West 700 South","SALT LAKE CITY",84101,40.754272,-111.892503,1,range_interpolation,50,"W 700 S","Salt Lake City",UT,"Salt Lake County",84101,US,"TIGER/Line® dataset from the US Census Bureau"
904,,$27,"SANDY HIGH TECH AUTOMOTIVE","9217 SOUTH STATE",SANDY,84070,40.584005,-111.890435,1,rooftop,9217,"S State St",Sandy,UT,"Salt Lake County",84070,US,"Utah AGRC (and individual UT counties)"
915,,$48,"ACTION AUTO","497 E 3900 S","Salt Lake City",84107,40.687361,-111.877507,1,rooftop,497,"E 3900 S","Salt Lake City",UT,"Salt Lake County",84107,US,"Utah AGRC (and individual UT counties)"
924,,$29,"KEN GARFF HONDA","64 E. 900 SO.","SALT LAKE CITY",84111,40.748946,-111.889165,1,rooftop,64,"E 900 S","Salt Lake City",UT,"Salt Lake County",84111,US,"Utah AGRC (and individual UT counties)"
928,,$41,"TUNEX OF HUNTER","3549 SOUTH 5600 WEST","WEST VALLEY",84120,40.695452,-112.02431,1,rooftop,3549,"S 5600 W","Salt Lake City",UT,"Salt Lake County",84120,US,"Utah AGRC (and individual UT counties)"
931,,$30,"ROCKY MOUNTAIN TIRE and SER","6158 SOUTH STATE",MURRAY,84107,40.636818,-111.889667,1,rooftop,6158,"S State St","Salt Lake City",UT,"Salt Lake County",84107,US,"Utah AGRC (and individual UT counties)"
934,,$30,"KARL MALONE TOYOTA","11453 S LONE PEAK PKWY",DRAPER,84020,40.543331,-111.897117,1,rooftop,11453,"S Lone Peak Pkwy",Draper,UT,"Salt Lake County",84020,US,"Utah AGRC (and individual UT counties)"
935,,$30,"STOCKTON 12 HONDA","10860 S AUTOMALL DR",SANDY,84070,40.554536,-111.895644,1,rooftop,10860,"S Automall Dr",Sandy,UT,"Salt Lake County",84070,US,"Utah AGRC (and individual UT counties)"
947,,$47,"AUTO MAGIC ","7852 So. OLD BINGHAM HWY.","WEST JORDAN",84088,40.587629,-111.98342,0.33,place,,,"West Jordan",UT,"Salt Lake County",84088,US,"TIGER/Line® dataset from the US Census Bureau"
956,,$38,"BATEMAN TEXACO","1232 WEST 7000 SOUTH","WEST JORDAN",84084,40.624412,-111.927568,1,rooftop,1232,"W 7000 S","West Jordan",UT,"Salt Lake County",84084,US,"Utah AGRC (and individual UT counties)"
960,,$37,"RAPID LUBE","2330 S REDWOOD RD.","WEST VALLEY CITY",84119,40.720515,-111.93927,1,rooftop,2330,"S Redwood Rd","Salt Lake City",UT,"Salt Lake County",84119,US,"Utah AGRC (and individual UT counties)"
973,,$29,"JOE'S REPAIR SHOP","390 EAST 1300 SOUTH","SALT LAKE CITY",84115,40.741472,-111.879904,1,range_interpolation,390,"E 1300 S","Salt Lake City",UT,"Salt Lake County",84115,US,"TIGER/Line® dataset from the US Census Bureau"
974,,$31,"EMISSIONS PLUS","1390 EAST 3300 SOUTH","SALT LAKE CITY",84106,40.69952,-111.851015,1,rooftop,1390,"E 3300 S","Salt Lake City",UT,"Salt Lake County",84106,US,"Utah AGRC (and individual UT counties)"
979,,$41,"IN AND OUT TESTING","4195 SOUTH 500 WEST",MURRAY,84123,40.682717,-111.903824,1,rooftop,4195,"S 500 W","Salt Lake City",UT,"Salt Lake County",84123,US,"Utah AGRC (and individual UT counties)"
981,,$41,"JIFFY LUBE NO.1147","1735 WEST 9000 SOUTH","WEST JORDAN",84088,40.587367,-111.939612,1,rooftop,1735,"W 9000 S","West Jordan",UT,"Salt Lake County",84088,US,"Utah AGRC (and individual UT counties)"
982,,$39,"JIFFY LUBE NO.967","9045 S 255 W",SANDY,84070,40.587207,-111.898995,1,rooftop,9045,"S 255 W",Sandy,UT,"Salt Lake County",84070,US,"Utah AGRC (and individual UT counties)"
983,,$39,"JIFFY LUBE NO.3","9 WEST 3300 SOUTH","SALT LAKE CITY",84115,40.699532,-111.891473,1,rooftop,9,"W 3300 S","Salt Lake City",UT,"Salt Lake County",84115,US,"Utah AGRC (and individual UT counties)"
984,,$40,"JIFFY LUBE NO.1224","804 EAST 400 SOUTH","SALT LAKE CITY",84102,40.760398,-111.867657,1,rooftop,804,"E 400 S","Salt Lake City",UT,"Salt Lake County",84102,US,"Utah AGRC (and individual UT counties)"
985,,$39,"JIFFY LUBE NO.1025","5601 S 900 E",MURRAY,84121,40.649326,-111.865575,1,rooftop,5601,"S 900 E","Salt Lake City",UT,"Salt Lake County",84121,US,"Utah AGRC (and individual UT counties)"
986,,$44,"JIFFY LUBE NO.1163","2350 EAST 4500 SOUTH ","SALT LAKE CITY",84117,40.674079,-111.823123,1,rooftop,2350,"E 4500 S","Salt Lake City",UT,"Salt Lake County",84117,US,"Utah AGRC (and individual UT counties)"
987,,$40,"JIFFY LUBE NO.1119","2097 SOUTH 1200 EAST","SALT LAKE CITY",84105,40.725656,-111.85657,0.9,rooftop,2097,"S 1200 E","Salt Lake City",UT,"Salt Lake County",84106,US,"Utah AGRC (and individual UT counties)"
990,,$40,"JIFFY LUBE NO.2043","6390 HIGHLAND DRIVE","SALT LAKE CITY",84121,40.636221,-111.834402,1,range_interpolation,6390,"Highland Dr","Salt Lake City",UT,"Salt Lake County",84121,US,"TIGER/Line® dataset from the US Census Bureau"
993,,$41,"JIFFY LUBE NO.2021","757 W. NORTH TEMPLE","SALT LAKE CITY",84116,40.77139,-111.912503,1,range_interpolation,757,"W North Temple","Salt Lake City",UT,"Salt Lake County",84116,US,"TIGER/Line® dataset from the US Census Bureau"
994,,$38,"JIFFY LUBE NO.2525","1625 W. 12600 So.",RIVERTON,84065,40.522055,-111.936656,1,rooftop,1625,"W 12600 S",Riverton,UT,"Salt Lake County",84065,US,"Utah AGRC (and individual UT counties)"
999,,$37,"JERRY SEINER CADILLAC","1530 S 500 W","SALT LAKE CITY",84115,40.73736,-111.90688,1,rooftop,1530,"S 500 W","Salt Lake City",UT,"Salt Lake County",84115,US,"Utah AGRC (and individual UT counties)"
1001,,$40,"JIFFY LUBE No.2012","1331 EAST FORT UNION BLVD","SALT LAKE CITY",84121,40.626407,-111.853975,1,rooftop,1331,"E Fort Union Blvd","Salt Lake City",UT,"Salt Lake County",84121,US,"Utah AGRC (and individual UT counties)"
1008,,$28,"HAVOLINE EXPRESS LUBE","10207 SOUTH REDWOOD ROAD","SOUTH JORDAN",84095,40.565404,-111.938083,1,rooftop,10207,"S Redwood Rd","South Jordan",UT,"Salt Lake County",84095,US,"Utah AGRC (and individual UT counties)"
1009,,$32,"EMISSIONS PLUS NO.2","4087 WEST 5415 SOUTH ",KEARNS,84118,40.652562,-111.988658,1,rooftop,4087,"W 5415 S","Salt Lake City",UT,"Salt Lake County",84118,US,"Utah AGRC (and individual UT counties)"
1012,,$38,"HILLSIDE TIRE NO.3","12241 S. FACTORY OUTLET DRIVE",DRAPER,84020,40.528281,-111.888861,1,range_interpolation,12241,"Factory Outlet Dr",Draper,UT,"Salt Lake County",84020,US,"TIGER/Line® dataset from the US Census Bureau"
1017,,$35,"AUTO ROW EMISSIONS AND INSPECTIONS","9315 S 700 E",SANDY,84070,40.582928,-111.871525,1,rooftop,9315,"S 700 E",Sandy,UT,"Salt Lake County",84070,US,"Utah AGRC (and individual UT counties)"
1022,,$39,"BURT BROS TIRE and SERVICE","9325 SOUTH 1300 EAST",SANDY,84094,40.582196,-111.852904,1,rooftop,9325,"S 1300 E",Sandy,UT,"Salt Lake County",84094,US,"Utah AGRC (and individual UT counties)"
1028,,$40,"JIFFY LUBE NO.2715","3444 SOUTH 7200 WEST",MAGNA,84044,40.697393,-112.063439,1,rooftop,3444,"S 7200 W",Magna,UT,"Salt Lake County",84044,US,"Utah AGRC (and individual UT counties)"
1030,,$10,"LOW BOOK SALES","3371 SOUTH STATE STREET","SALT LAKE CITY",84115,40.697819,-111.887095,1,rooftop,3371,"S State St","Salt Lake City",UT,"Salt Lake County",84115,US,"Utah AGRC (and individual UT counties)"
1035,,$32,"EMISSIONS PLUS NO.3","10585 SOUTH 700 EAST",SANDY,84070,40.558963,-111.872013,1,range_interpolation,10585,"S 700 E",Sandy,UT,"Salt Lake County",84070,US,"TIGER/Line® dataset from the US Census Bureau"
1039,,$40,"JIFFY LUBE NO.2018","1577 SOUTH FOOTHILL BLVD.","SALT LAKE CITY",84108,40.735992,-111.822309,1,range_interpolation,1577,"State Rte 186","Salt Lake City",UT,"Salt Lake County",84108,US,"TIGER/Line® dataset from the US Census Bureau"
1042,,$35,"EMISSION TIME","2432 SO STATE ST","SALT LAKE CITY",84115,40.714496,-111.893118,0.33,place,,,"Salt Lake City",UT,"Salt Lake County",84115,US,"TIGER/Line® dataset from the US Census Bureau"
1047,,$33,"LARRY H MILLER SUPER FORD","1340 S 500 W","SALT LAKE CITY",84115,40.740318,-111.906288,1,rooftop,1340,"S 500 W","Salt Lake City",UT,"Salt Lake County",84115,US,"Utah AGRC (and individual UT counties)"
1051,,$45,"KENT MUFFLER AND BRAKE","250 W 9210 S ",SANDY,84070,40.584188,-111.898925,1,rooftop,250,"W 9210 S",Sandy,UT,"Salt Lake County",84070,US,"Utah AGRC (and individual UT counties)"
1059,,$44,"HAVOLINE XPRESS LUBE","5534 W. 3500 S.","WEST VALLEY CITY",84120,40.696896,-112.023133,1,rooftop,5534,"W 3500 S","Salt Lake City",UT,"Salt Lake County",84120,US,"Utah AGRC (and individual UT counties)"
1060,,$32,"M AND K AUTOMOTIVE","970 W. 1700 S.","SALT LAKE CITY",84104,40.733843,-111.918661,1,rooftop,970,"W 1700 S","Salt Lake City",UT,"Salt Lake County",84104,US,"Utah AGRC (and individual UT counties)"
1061,,$30,"BIG O TIRES","2830 W 3500 S","WEST VALLEY CITY",84119,40.696912,-111.960473,1,rooftop,2830,"W 3500 S","Salt Lake City",UT,"Salt Lake County",84119,US,"Utah AGRC (and individual UT counties)"
1062,,$35,"CHRISTENSEN TIRE FACTORY","4607 S. 5600 W.","WEST VALLEY  CITY",84120,40.670011,-112.024101,1,rooftop,4607,"S 5600 W","Salt Lake City",UT,"Salt Lake County",84120,US,"Utah AGRC (and individual UT counties)"
1064,,$36,"BIG O TIRES","2284 E. FT UNION BLVD","SALT LAKE CITY",84121,40.776242,-111.877562,0.5,street_center,,"E St","Salt Lake City",UT,"Salt Lake County",84103,US,"TIGER/Line® dataset from the US Census Bureau"
1071,,$33,"KN AUTOMOTIVE REPAIR","3447 S WEST TEMPLE","SALT LAKE CITY",84115,40.69608,-111.893838,1,range_interpolation,3447,"S West Temple","Salt Lake City",UT,"Salt Lake County",84115,US,"TIGER/Line® dataset from the US Census Bureau"
1072,,$30,"MURRAY AUTOMOTIVE","4872 S. 300 W.",MURRAY,84107,40.665694,-111.899161,1,range_interpolation,4872,"S 300 W","Salt Lake City",UT,"Salt Lake County",84107,US,"TIGER/Line® dataset from the US Census Bureau"
1073,,$32,"M&M MOTOR CORPS/WSA","3663 So 300 W","SALT LAKE CITY",84115,40.691786,-111.899521,1,rooftop,3663,"S 300 W","Salt Lake City",UT,"Salt Lake County",84115,US,"Utah AGRC (and individual UT counties)"
1075,,$30,"DIAGNOSTIC AUTOMOTIVE","12650 S. 1830 W.",RIVERTON,84065,40.521271,-111.941885,1,rooftop,12650,"S 1830 W",Riverton,UT,"Salt Lake County",84065,US,"Utah AGRC (and individual UT counties)"
1076,,$29,"EL TIGRE MUFFLER and BRAKE","1733 SOUTH MAIN ST","SALT LAKE CITY",84115,40.732857,-111.890813,1,rooftop,1733,"S Main St","Salt Lake City",UT,"Salt Lake County",84115,US,"Utah AGRC (and individual UT counties)"
1077,,$33,"BRODYS CAR CARE","9245 S. 1300 E.",SANDY,84094,40.583477,-111.85269,1,rooftop,9245,"S 1300 E",Sandy,UT,"Salt Lake County",84094,US,"Utah AGRC (and individual UT counties)"
1079,,$25,"MR MUFFLER","105 W. 2100 S.","SALT LAKE CITY",84115,40.725138,-111.894239,1,rooftop,105,"W 2100 S","Salt Lake City",UT,"Salt Lake County",84115,US,"Utah AGRC (and individual UT counties)"
1081,,$26,"MICHAEL'S EMISSION","3506 W. 3500 S.","WEST VALLEY CITY",84119,40.696876,-111.974789,1,rooftop,3506,"W 3500 S","Salt Lake City",UT,"Salt Lake County",84119,US,"Utah AGRC (and individual UT counties)"
1084,,$25,"V AND H AUTO REPAIR","3820 S 3600 W","WEST VALLEY CITY",84119,40.689052,-111.977415,1,rooftop,3820,"S 3600 W","Salt Lake City",UT,"Salt Lake County",84119,US,"Utah AGRC (and individual UT counties)"
1090,,$32,"MASTER MUFFLER","690 S. MAIN","SALT LAKE CITY",84101,40.754577,-111.891491,1,rooftop,690,"S Main St","Salt Lake City",UT,"Salt Lake County",84101,US,"Utah AGRC (and individual UT counties)"
1094,,$25,"JR AUTO REPAIR & BODY SH ","5419 So 4015 W",TAYLORSVILLE,84118,40.652758,-111.986504,0.8,rooftop,5419,"S 4015 W","Salt Lake City",UT,"Salt Lake County",84129,US,"Utah AGRC (and individual UT counties)"
1096,,$10,"TERAFLEX ","5680 W DANNON WAY","WEST JORDAN",84081,40.583411,-112.026179,1,rooftop,5680,"W Dannon Way","West Jordan",UT,"Salt Lake County",84081,US,"Utah AGRC (and individual UT counties)"
1097,,$25,"STEWISH AUTOMOTIVE INC,","2888 E. 3300 So.","SALT LAKE CITY",84109,40.699549,-111.810342,1,rooftop,2888,"E 3300 S","Salt Lake City",UT,"Salt Lake County",84109,US,"Utah AGRC (and individual UT counties)"
1099,,$33,"QUALITY MUFFLER BRAKE","12258 S. 700 E.",DRAPER,84020,40.527762,-111.872241,1,rooftop,12258,"S 700 E",Draper,UT,"Salt Lake County",84020,US,"Utah AGRC (and individual UT counties)"
1105,,$34,"LABRUM AUTOMOTIVE","3311 W. 12600 S.",RIVERTON,84065,40.522419,-111.969822,1,range_interpolation,3311,"W 12600 S",Riverton,UT,"Salt Lake County",84065,US,"TIGER/Line® dataset from the US Census Bureau"
1106,,$34,"EMISSIONS PLUS","5221 W. 3500 So.","WEST VALLEY CITY",84120,40.696232,-112.015982,1,rooftop,5221,"W 3500 S","Salt Lake City",UT,"Salt Lake County",84120,US,"Utah AGRC (and individual UT counties)"
1107,,$27,"FIRESTONE TIRE & SERVICE","2158 W. 12600 S.",RIVERTON,84065,40.522554,-111.947562,1,rooftop,2158,"W 12600 S",Riverton,UT,"Salt Lake County",84065,US,"Utah AGRC (and individual UT counties)"
1108,,$27,"FIRESTONE TIRE & SERVICE","253 W. 9000 S.",SANDY,84070,40.587679,-111.898934,1,rooftop,253,"W 9000 S",Sandy,UT,"Salt Lake County",84070,US,"Utah AGRC (and individual UT counties)"
1109,,$28,"FIRESTONE TIRE & SERVICE","910 E. 6600 S.",MURRAY,84121,40.631161,-111.865386,1,rooftop,910,"E 6600 S","Salt Lake City",UT,"Salt Lake County",84121,US,"Utah AGRC (and individual UT counties)"
1115,,$27,"FIRESTONE TIRE & SERVICE","9030 SO REDWOOD RD","WEST JORDAN",84088,40.587629,-111.98342,0.33,place,,,"West Jordan",UT,"Salt Lake County",84088,US,"TIGER/Line® dataset from the US Census Bureau"
1116,,$28,"FIRESTONE TIRE & SERVICE","204 E. 300 S.","SALT LAKE CITY",84111,40.762677,-111.88529,1,range_interpolation,204,"E 300 S","Salt Lake City",UT,"Salt Lake County",84111,US,"TIGER/Line® dataset from the US Census Bureau"
1119,,$25,"KEARNS TUNEX","5313 So. 4015 W.",KEARNS,84118,40.654403,-111.986759,0.9,range_interpolation,5313,"S 4015 W","Salt Lake City",UT,"Salt Lake County",84129,US,"TIGER/Line® dataset from the US Census Bureau"
1120,,$35,"CENTURY QUALITY No.2","4089 So. 500 W.",MURRAY,84123,40.682815,-111.904975,1,rooftop,4089,"S 500 W","Salt Lake City",UT,"Salt Lake County",84123,US,"Utah AGRC (and individual UT counties)"
1126,,$32,"SI AUTO REPAIR","3715 S 700 W","SALT LAKE CITY",84119,40.690536,-111.910937,1,rooftop,3715,"S 700 W","Salt Lake City",UT,"Salt Lake County",84119,US,"Utah AGRC (and individual UT counties)"
1128,,$30,"88 AUTO SERVICE","3847 So. REDWOOD RD","WEST VALLEY",84119,40.71328,-111.939104,0.27,place,,,Redwood,UT,"Salt Lake County",84119,US,"TIGER/Line® dataset from the US Census Bureau"
1131,,$32,"HILLSIDE TIRE 4","3282 So. 5600 W.","WEST VALLEY CITY",84120,40.700453,-112.025369,1,rooftop,3282,"S 5600 W","Salt Lake City",UT,"Salt Lake County",84120,US,"Utah AGRC (and individual UT counties)"
1133,,$40,"JIFFY LUBE NO.3211","13184 S. 5600 W.",HERRIMAN,84096,40.51411,-112.03299,0.33,place,,,Herriman,UT,,84096,US,"TIGER/Line® dataset from the US Census Bureau"
1136,,$21,"CARMAX AUTO","11213 SOUTH JORDAN GATEWAY","SOUTH JORDAN",84095,40.546568,-111.89736,1,rooftop,11213,"S Jordan Gtwy","South Jordan",UT,"Salt Lake County",84095,US,"Utah AGRC (and individual UT counties)"
1137,,$41,"JIFFY LUBE NO.2319","3302 S 2000 E","SALT LAKE CITY",84109,40.69961,-111.834465,1,rooftop,3302,"S 2000 E","Salt Lake City",UT,"Salt Lake County",84109,US,"Utah AGRC (and individual UT counties)"
1142,,$30,"EMISSIONS NOW","127 E. GORDON LN. (4190 So.)",MURRAY,84107,40.680439,-111.887102,1,rooftop,127,"E Gordon Ln","Salt Lake City",UT,"Salt Lake County",84107,US,"Utah AGRC (and individual UT counties)"
1143,,$33,"ADVANCED AUTO REPAIR","3434 S MAIN ST","SALT LAKE CITY",84115,40.69692,-111.891444,1,rooftop,3434,"S Main St","Salt Lake City",UT,"Salt Lake County",84115,US,"Utah AGRC (and individual UT counties)"
1144,,$41,"BURT BROTHERS","944E 2100S.","SALT LAKE CITY",84106,40.725241,-111.863618,1,rooftop,944,"E 2100 S","Salt Lake City",UT,"Salt Lake County",84106,US,"Utah AGRC (and individual UT counties)"
1146,,$28,"MARKOSIAN AUTO","4238 SO REDWOOD RD",TAYLORSVILLE,84123,40.65963,-111.919269,0.22,place,,,"Salt Lake City",UT,"Salt Lake County",84123,US,"TIGER/Line® dataset from the US Census Bureau"
1150,,$38,"CASTANEDA 9TH WEST AUTO REPAIR","1939 S 900 W","SALT LAKE CITY",84104,40.727969,-111.916599,1,rooftop,1939,"S 900 W","Salt Lake City",UT,"Salt Lake County",84104,US,"Utah AGRC (and individual UT counties)"
1154,,$32,"KEITH'S AUTOMOTIVE","2220 S 300 E","SALT LAKE CITY",84115,40.722566,-111.882923,1,rooftop,2220,"S 300 E","Salt Lake City",UT,"Salt Lake County",84115,US,"Utah AGRC (and individual UT counties)"
1157,,$35,"QUICK I M AND AUTO REPAIR","3137 S MAIN A","SALT LAKE CITY",84115,40.702482,-111.890869,1,rooftop,3137,"S Main St","Salt Lake City",UT,"Salt Lake County",84115,US,"Utah AGRC (and individual UT counties)"
1161,,$35,"JT AUTOMOTIVE","2205 S 900 E","SALT LAKE CITY",84106,40.722855,-111.865343,1,range_interpolation,2205,"S 900 E","Salt Lake City",UT,"Salt Lake County",84106,US,"TIGER/Line® dataset from the US Census Bureau"
1163,,$28,FIRESTONE,"4031 S HIGHLAND DR",HOLLADAY,84124,40.684225,-111.843752,1,rooftop,4031,"S Highland Dr","Salt Lake City",UT,"Salt Lake County",84124,US,"Utah AGRC (and individual UT counties)"
1165,,$21,"V AND L AUTO SERVICES","1310 S 900 W","SALT LAKE CITY",84104,40.741385,-111.917264,1,rooftop,1310,"S 900 W","Salt Lake City",UT,"Salt Lake County",84104,US,"Utah AGRC (and individual UT counties)"
1166,,$39,"APEXX EMISSIONS AND LUBE","3460 S 500 W","SALT LAKE CITY",84115,40.695664,-111.905795,1,rooftop,3460,"S 500 W","Salt Lake City",UT,"Salt Lake County",84115,US,"Utah AGRC (and individual UT counties)"
1167,,$34,"A AND M PERFORMANCE CAR CARE","182 E 4050 S","SALT LAKE CITY",84107,40.683454,-111.886,1,range_interpolation,182,"E 4050 S","Salt Lake City",UT,"Salt Lake County",84107,US,"TIGER/Line® dataset from the US Census Bureau"
1173,,$43,"J AND S AUTO SERVICE INC","146 PUEBLO ST","SALT LAKE CITY",84104,40.765924,-111.932421,1,range_interpolation,146,"Pueblo St","Salt Lake City",UT,"Salt Lake County",84104,US,"TIGER/Line® dataset from the US Census Bureau"
1174,,$25,"ROGER'S BRAKE INC","4221 S STATE ST",MURRAY,84107,40.679725,-111.88784,1,rooftop,4221,"S State St","Salt Lake City",UT,"Salt Lake County",84107,US,"Utah AGRC (and individual UT counties)"
1180,,$24,"BBC EMISSION","4068 S MAIN ST #B",MURRAY,84107,40.683392,-111.891673,1,rooftop,4068,"S Main St","Salt Lake City",UT,"Salt Lake County",84107,US,"Utah AGRC (and individual UT counties)"
1181,,$43,"BURGA'S AUTO SERVICES","42 E MILLER AVE","SALT LAKE CITY",84115,40.701436,-111.890086,1,rooftop,42,"E Miller Ave","Salt Lake City",UT,"Salt Lake County",84115,US,"Utah AGRC (and individual UT counties)"
1183,,$40,"JIFFY LUBE NO.2328","1804 E 4800 S","SALT LAKE CITY",84117,40.665759,-111.840695,1,range_interpolation,1804,"E 4800 S","Salt Lake City",UT,"Salt Lake County",84117,US,"TIGER/Line® dataset from the US Census Bureau"
1185,,$30,"JOSHUA EMISSION","258 W LUCY AVE","SALT LAKE CITY",84101,40.742852,-111.898537,1,rooftop,258,"W Lucy Ave","Salt Lake City",UT,"Salt Lake County",84101,US,"Utah AGRC (and individual UT counties)"
1186,,$27,"THE TIRE ZONE","2990 S STATE ST","SALT LAKE CITY",84115,40.705918,-111.888633,1,rooftop,2990,"S State St","Salt Lake City",UT,"Salt Lake County",84115,US,"Utah AGRC (and individual UT counties)"
1187,,$40,"JIFFY LUBE NO.3252","7867 S AIRPORT RD","WEST JORDAN",84088,40.608385,-111.996232,1,rooftop,7867,"S Airport Rd","West Jordan",UT,"Salt Lake County",84088,US,"Utah AGRC (and individual UT counties)"
1189,,$43,"ALHERZ EMISSION AND REPAIR","4339 W 3500 S","WEST VALLEY CITY",84120,40.696225,-111.994684,1,rooftop,4339,"W 3500 S","Salt Lake City",UT,"Salt Lake County",84120,US,"Utah AGRC (and individual UT counties)"
1190,,$35,"NATIONAL AUTO PLAZA","10790 S STATE ST",SANDY,84070,40.55539,-111.891663,1,rooftop,10790,"S State St",Sandy,UT,"Salt Lake County",84070,US,"Utah AGRC (and individual UT counties)"
1192,,$43,"JIFFY LUBE NO.2026","2102 S MAIN ST","SALT LAKE CITY",84115,40.72519,-111.891447,1,rooftop,2102,"S Main St","Salt Lake City",UT,"Salt Lake County",84115,US,"Utah AGRC (and individual UT counties)"
1197,,$23,"RC AUTOMOTIVE","4022 SOUTH STATE",MURRAY,84107,40.684329,-111.888626,1,rooftop,4022,"S State St","Salt Lake City",UT,"Salt Lake County",84107,US,"Utah AGRC (and individual UT counties)"
1198,,$33,"MASTER MUFFLER KEARNS","4030 W 5415 S",KEARNS,84118,40.652991,-111.98826,1,rooftop,4030,"W 5415 S","Salt Lake City",UT,"Salt Lake County",84118,US,"Utah AGRC (and individual UT counties)"
1199,,$38,"FLINN AUTOMOTIVE","156 WEST HAVEN AVE","SALT LAKE CITY",84115,40.721239,-111.895695,1,rooftop,156,"W Haven Ave","Salt Lake City",UT,"Salt Lake County",84115,US,"Utah AGRC (and individual UT counties)"
1202,,$33,"EMISSIONS PLUS NO. 6","510 EAST 3900 SOUTH","SALT LAKE CITY",84107,40.68673,-111.876575,1,rooftop,510,"E 3900 S","Salt Lake City",UT,"Salt Lake County",84107,US,"Utah AGRC (and individual UT counties)"
1205,,$32,"ACCURACY AUTO SALES","4036 SO MAIN ST","SALT LAKE CITY",84107,40.656796,-111.890414,0.33,place,,,"Salt Lake City",UT,"Salt Lake County",84107,US,"TIGER/Line® dataset from the US Census Bureau"
1206,,$29,"A PLUS AUTO CENTER NO 1","945 S GALE ST","SALT LAKE CITY",84101,40.74853,-111.900968,1,rooftop,945,"S Gale St","Salt Lake City",UT,"Salt Lake County",84101,US,"Utah AGRC (and individual UT counties)"
1208,,$35,"EDWARDS FAMILY AUTO","4384 SOUTH 900 EAST","SALT LAKE CITY",84124,40.676194,-111.865839,1,rooftop,4384,"S 900 E","Salt Lake City",UT,"Salt Lake County",84124,US,"Utah AGRC (and individual UT counties)"
1210,,$40,"J & S AUTO SERVICE 2 INC","1433 SO MAIN ST","SALT LAKE CITY",84115,40.714496,-111.893118,0.33,place,,,"Salt Lake City",UT,"Salt Lake County",84115,US,"TIGER/Line® dataset from the US Census Bureau"
1214,,$41,"JIFFY LUBE NO.3346","13318 S MARKET CENTER DR",RIVERTON,84065,40.509343,-111.981087,1,rooftop,13318,"S Market Center Dr",Riverton,UT,"Salt Lake County",84065,US,"Utah AGRC (and individual UT counties)"
1215,,$40,"JIFFY LUBE NO.2036","7805 SO REDWOOD RD","WEST JORDAN",84088,40.587629,-111.98342,0.33,place,,,"West Jordan",UT,"Salt Lake County",84088,US,"TIGER/Line® dataset from the US Census Bureau"
1216,,$41,"BURT BROTHERS TIRE & SERV","4712 SO HIGHLAND DR","SALT LAKE CITY",84117,40.655097,-111.833966,0.33,place,,,"Salt Lake City",UT,"Salt Lake County",84117,US,"TIGER/Line® dataset from the US Census Bureau"
1220,,$35,"UTAH FLEET SERVICES","371 W 1500 S","SALT LAKE CITY",84115,40.736959,-111.901649,1,rooftop,371,"W 1500 S","Salt Lake City",UT,"Salt Lake County",84115,US,"Utah AGRC (and individual UT counties)"
1221,,$35,"YUCOS AUTO REPAIR","3435 S W TEMPLE REAR","SALT LAKE CITY",84115,40.698553,-111.892754,0.6,nearest_rooftop_match,3354,"S Sue St","Salt Lake City",UT,"Salt Lake County",84115,US,"Utah AGRC (and individual UT counties)"
1227,,$30,"J AND T MAGIC AUTO REPAIR","3454 SO WEST TEMPLE","SALT LAKE CITY",84115,40.714496,-111.893118,0.33,place,,,"Salt Lake City",UT,"Salt Lake County",84115,US,"TIGER/Line® dataset from the US Census Bureau"
1230,,$35,"MATSON AUTO AND MARINE","1842 W 12600 S",RIVERTON,84065,40.523097,-111.941513,1,rooftop,1842,"W 12600 S",Riverton,UT,"Salt Lake County",84065,US,"Utah AGRC (and individual UT counties)"
1231,,$21,"B3NJI'S AUTO REPAIR","2747 S REDWOOD RD","WEST VALLEY CITY",84119,40.711407,-111.93841,1,rooftop,2747,"S Redwood Rd","Salt Lake City",UT,"Salt Lake County",84119,US,"Utah AGRC (and individual UT counties)"
1233,,$30,"DMV EXPRESS","277 W 3300 S","SALT LAKE CITY",84115,40.699518,-111.899013,1,rooftop,277,"W 3300 S","Salt Lake City",UT,"Salt Lake County",84115,US,"Utah AGRC (and individual UT counties)"
1237,,$39,"HILLSIDE TIRE 5","1888 WEST 7800 SOUTH","WEST JORDAN",84088,40.609783,-111.941621,1,rooftop,1888,"W 7800 S","West Jordan",UT,"Salt Lake County",84088,US,"Utah AGRC (and individual UT counties)"
1238,,$20,"EXCEL AUTOMOTIVE","290 EAST 3300 SOUTH","SALT LAKE CITY",84115,40.699421,-111.883012,1,rooftop,290,"E 3300 S","Salt Lake City",UT,"Salt Lake County",84115,US,"Utah AGRC (and individual UT counties)"
1240,,$35,"MARK MILLER SUBARU SOUTH","10920 SO STATE ST",SANDY,84070,40.577106,-111.889047,0.33,place,,,Sandy,UT,"Salt Lake County",84070,US,"TIGER/Line® dataset from the US Census Bureau"
1245,,$27,"LUCKY'S AUTO SERVICE CTR","3075 S STATE ST","SALT LAKE CITY",84115,40.704095,-111.886929,1,rooftop,3075,"S State St","Salt Lake City",UT,"Salt Lake County",84115,US,"Utah AGRC (and individual UT counties)"
1247,,$26,"UNIVERSAL EXHAUST AUTO CARE","402 E 3900 SO","SALT LAKE CITY",84107,40.686836,-111.879511,1,rooftop,402,"E 3900 S","Salt Lake City",UT,"Salt Lake County",84107,US,"Utah AGRC (and individual UT counties)"
1248,,$26,"M AND M SERVICE STATION","4804 S REDWOOD RD",TAYLORSVILLE,84123,40.664831,-111.939241,1,rooftop,4804,"S Redwood Rd","Salt Lake City",UT,"Salt Lake County",84123,US,"Utah AGRC (and individual UT counties)"
1249,,$40,"J AND S AUTO SERVICE INC","1376 W 1000 N","SALT LAKE CITY",84116,40.791401,-111.930956,1,rooftop,1376,"W 1000 N","Salt Lake City",UT,"Salt Lake County",84116,US,"Utah AGRC (and individual UT counties)"
1250,,$31,"ALTSTART AUTOMOTIVE","1816 S REDWOOD RD #B","SALT LAKE CITY",84104,40.730448,-111.93947,1,rooftop,1816,"S Redwood Rd","Salt Lake City",UT,"Salt Lake County",84104,US,"Utah AGRC (and individual UT counties)"
1251,,$43,"EMISSIONS PLUS","1608 W 7800 S","WEST JORDAN",84088,40.609806,-111.937171,1,rooftop,1608,"W 7800 S","West Jordan",UT,"Salt Lake County",84088,US,"Utah AGRC (and individual UT counties)"
1254,,$28,"JONES COMPLETE CAR CARE","4752 SO REDWOOD RD",TAYLORSVILLE,84123,40.65963,-111.919269,0.22,place,,,"Salt Lake City",UT,"Salt Lake County",84123,US,"TIGER/Line® dataset from the US Census Bureau"
1255,,$25,"AUTOMOTIVE SOLUTIONS","1321 SOUTH EARL DR","SALT LAKE CITY",84104,40.741543,-111.950473,1,rooftop,1321,"S Earl Dr","Salt Lake City",UT,"Salt Lake County",84104,US,"Utah AGRC (and individual UT counties)"
1258,,$26,"JAKES QUICK LUBE AND SERVICE","4793 S STATE ST",MURRAY,84107,40.667233,-111.88774,1,rooftop,4793,"S State St","Salt Lake City",UT,"Salt Lake County",84107,US,"Utah AGRC (and individual UT counties)"
1260,,$38,MIDAS,"4444 SO STATE ST",MURRAY,84107,40.666892,-111.887991,0.3,place,,,Murray,UT,"Salt Lake County",84107,US,"TIGER/Line® dataset from the US Census Bureau"
1261,,$38,MIDAS,"875 E 2100 SO","SALT LAKE CITY",84106,40.725588,-111.865948,1,rooftop,875,"E 2100 S","Salt Lake City",UT,"Salt Lake County",84106,US,"Utah AGRC (and individual UT counties)"
1264,,$31,"BACHMANN AUTO REPAIR","36 W FAYETTE AVE #6","SALT LAKE CITY",84101,40.748341,-111.892292,1,rooftop,36,"W Fayette Ave","Salt Lake City",UT,"Salt Lake County",84101,US,"Utah AGRC (and individual UT counties)"
1265,,$38,"BIG O TIRE","1022 E DRAPER PARKWAY",DRAPER,84020,40.527308,-111.861657,1,rooftop,1022,"E Draper Pkwy",Draper,UT,"Salt Lake County",84020,US,"Utah AGRC (and individual UT counties)"
1266,,$43,"HIDDEN VALLEY CAR WASH","821 E 12300 S",DRAPER,84020,40.527333,-111.867736,1,rooftop,821,"E 12300 S",Draper,UT,"Salt Lake County",84020,US,"Utah AGRC (and individual UT counties)"
1268,,$31,"OLD FASHION SERVICE","2221 East 3300 SO","SALT LAKE CITY",84109,40.700215,-111.826628,1,rooftop,2221,"E 3300 S","Salt Lake City",UT,"Salt Lake County",84109,US,"Utah AGRC (and individual UT counties)"
1269,,$29,"AUTO REPAIR SANCHEZ","4195 SO 500 W #74",MURRAY,84123,40.682717,-111.903824,1,rooftop,4195,"S 500 W","Salt Lake City",UT,"Salt Lake County",84123,US,"Utah AGRC (and individual UT counties)"
1270,,$20,"D & T AUTO SAVERS","650 E SEGO LILY DR",SANDY,84070,40.573013,-111.873481,1,rooftop,650,"E Sego Lily Dr",Sandy,UT,"Salt Lake County",84070,US,"Utah AGRC (and individual UT counties)"
1272,,$22,"TRANSMISSION CITY INC","8324 SO 700 E",SANDY,84070,40.600101,-111.872636,1,rooftop,8324,"S 700 E",Sandy,UT,"Salt Lake County",84070,US,"Utah AGRC (and individual UT counties)"
1274,,$26,"KHANG'S AUTO REPAIR","4555 SO 300 W A300",MURRAY,84107,40.672403,-111.899536,1,range_interpolation,4555,"S 300 W","Salt Lake City",UT,"Salt Lake County",84107,US,"TIGER/Line® dataset from the US Census Bureau"
1275,,$30,"CLARK'S AUTOMOTIVE","506 E 1700 SO","SALT LAKE CITY",84105,40.733258,-111.876407,1,rooftop,506,"E 1700 S","Salt Lake City",UT,"Salt Lake County",84105,US,"Utah AGRC (and individual UT counties)"
1276,,$35,"CHUCK'S SERVICE CENTER","1955 E 2700 SO","SALT LAKE CITY",84106,40.713015,-111.835229,1,rooftop,1955,"E 2700 S","Salt Lake City",UT,"Salt Lake County",84106,US,"Utah AGRC (and individual UT counties)"
1277,,$35,"GLEN'S AUTO & DIESEL","7709 S ALLEN ST",MIDVALE,84047,40.610615,-111.907854,1,range_interpolation,7709,"S Allen St",Midvale,UT,"Salt Lake County",84047,US,"TIGER/Line® dataset from the US Census Bureau"
1278,,$30,"AUTO PRO INDEPENDENT","903 E 3900 S","SALT LAKE CITY",84124,40.687341,-111.86516,1,rooftop,903,"E 3900 S","Salt Lake City",UT,"Salt Lake County",84124,US,"Utah AGRC (and individual UT counties)"
1280,,$39,"KEARNS BIG O TIRES","3725 W 5400 S",KEARNS,84118,40.652718,-111.980013,0.8,rooftop,3725,"W 5400 S","Salt Lake City",UT,"Salt Lake County",84129,US,"Utah AGRC (and individual UT counties)"
1283,,$40,"JIFFY LUBE No.2010","1028 E DRAPER PKWY",DRAPER,84020,40.527428,-111.861268,1,rooftop,1028,"E Draper Pkwy",Draper,UT,"Salt Lake County",84020,US,"Utah AGRC (and individual UT counties)"
1284,,$41,"JIFFY LUBE  No.2014","6131 SO COUGAR LN",KEARNS,84118,40.659947,-111.996328,0.3,place,,,Kearns,UT,"Salt Lake County",84118,US,"TIGER/Line® dataset from the US Census Bureau"
1285,,$40,"JIFFY LUBE No.14","1850 W 4100 SO","WEST VALLEY",84119,40.682427,-111.942181,1,rooftop,1850,"W 4100 S","Salt Lake City",UT,"Salt Lake County",84119,US,"Utah AGRC (and individual UT counties)"
1286,,$39,"JIFFY LUBE No.2008","3796 W 3500 SO","WEST VALLEY",84120,40.696926,-111.981822,1,rooftop,3796,"W 3500 S","Salt Lake City",UT,"Salt Lake County",84120,US,"Utah AGRC (and individual UT counties)"
1288,,$33,"VOLKSWAGEN SOUTHTOWNE","11000 S FRONTAGE RD","SOUTH JORDAN",84095,40.553591,-111.897604,0.6,street_center,,"Frontage Rd","South Jordan",UT,"Salt Lake County",84095,US,"TIGER/Line® dataset from the US Census Bureau"
1290,,$15,"CHUY'S MECHANIC SHOP","4711 SO 300 W",MURRAY,84107,40.669512,-111.899525,1,range_interpolation,4711,"S 300 W","Salt Lake City",UT,"Salt Lake County",84107,US,"TIGER/Line® dataset from the US Census Bureau"
1293,,$40,"BIG O TIRE","178 E SOUTH TEMPLE","SALT LAKE CITY",84111,40.769198,-111.886366,1,range_interpolation,178,"E South Temple","Salt Lake City",UT,"Salt Lake County",84111,US,"TIGER/Line® dataset from the US Census Bureau"
1295,,$36,"G & R DIESEL PERF.& REPAI","97 E 12675 S ",DRAPER,84020,40.520741,-111.888412,1,rooftop,97,"E 12675 S",Draper,UT,"Salt Lake County",84020,US,"Utah AGRC (and individual UT counties)"
1297,,$43,"BIG O TIRES","910 S 300 W","SALT LAKE CITY",84101,40.749479,-111.900013,1,rooftop,910,"S 300 W","Salt Lake City",UT,"Salt Lake County",84101,US,"Utah AGRC (and individual UT counties)"
1299,,$33,"MET AUTO LLC","62 E GRANITE AVE","SALT LAKE CITY",84115,40.700605,-111.889378,1,rooftop,62,"E Granite Ave","Salt Lake City",UT,"Salt Lake County",84115,US,"Utah AGRC (and individual UT counties)"
1301,,$42,"JIFFY LUBE NO. 2013","4949 SO STATE ST",MURRAY,84107,40.666892,-111.887991,0.3,place,,,Murray,UT,"Salt Lake County",84107,US,"TIGER/Line® dataset from the US Census Bureau"
1302,,$34,"TEN MINUTE EMISSIONS","4735 W 3500 SO #B","WEST VALLEY",84120,40.696195,-112.004033,1,rooftop,4735,"W 3500 S","Salt Lake City",UT,"Salt Lake County",84120,US,"Utah AGRC (and individual UT counties)"
1304,,$33,"MURDOCK HYUNDAI","4646 SO STATE ST",MURRAY,84107,40.666892,-111.887991,0.3,place,,,Murray,UT,"Salt Lake County",84107,US,"TIGER/Line® dataset from the US Census Bureau"
1309,,$25,"CAPITAL CITY  AUTOMOTIVE","3999 SO MAIN ST UNIT S1",MILLCREEK,84107,40.656796,-111.890414,0.22,place,,,"Salt Lake City",UT,"Salt Lake County",84107,US,"TIGER/Line® dataset from the US Census Bureau"
1311,,$39,"JIFFY LUBE NO.2007","10620 S 700 E",SANDY,84070,40.558414,-111.872994,1,rooftop,10620,"S 700 E",Sandy,UT,"Salt Lake County",84070,US,"Utah AGRC (and individual UT counties)"
1312,,$39,"AMAYA AUTO SERVICES LLC","1806 W 3500 S","WEST VALLEY CITY",84119,40.697285,-111.940953,1,rooftop,1806,"W 3500 S","Salt Lake City",UT,"Salt Lake County",84119,US,"Utah AGRC (and individual UT counties)"
1313,,$36,"BIG O TIRE","8835 S 700 E",SANDY,84070,40.590807,-111.871694,1,rooftop,8835,"S 700 E",Sandy,UT,"Salt Lake County",84070,US,"Utah AGRC (and individual UT counties)"
1314,,$31,"KEN GARFF HYUNDAI","717 SO WEST TEMPLE","SALT LAKE CITY",84101,40.756095,-111.900719,0.33,place,,,"Salt Lake City",UT,"Salt Lake County",84101,US,"TIGER/Line® dataset from the US Census Bureau"
1316,,$39,"JIFFY LUBE No.2039","3936 W 5400 SO",KEARNS,84118,40.653389,-111.985087,0.8,rooftop,3936,"W 5400 S","Salt Lake City",UT,"Salt Lake County",84129,US,"Utah AGRC (and individual UT counties)"
1317,,$40,"JIFFY LUBE No.2038","677 E 400 SO","SALT LAKE CITY",84102,40.76092,-111.871497,1,rooftop,677,"E 400 S","Salt Lake City",UT,"Salt Lake County",84102,US,"Utah AGRC (and individual UT counties)"
1318,,$26,"GUATEMEX AUTO REPAIR","2688 SO REDWOOD RD SUITE J","WEST VALLEY",84119,40.700258,-111.946425,0.22,place,,,"Salt Lake City",UT,"Salt Lake County",84119,US,"TIGER/Line® dataset from the US Census Bureau"
1320,,$41,"GOOD LOOKING DAVES INC","4580 S 300 W",MURRAY,84107,40.672214,-111.899832,1,range_interpolation,4580,"S 300 W","Salt Lake City",UT,"Salt Lake County",84107,US,"TIGER/Line® dataset from the US Census Bureau"
1322,,$23,"QUALITY EMISSION & INSP","3999 SO MAIN ST #N1","SALT LAKE CITY ",84107,40.656796,-111.890414,0.33,place,,,"Salt Lake City",UT,"Salt Lake County",84107,US,"TIGER/Line® dataset from the US Census Bureau"
1325,,$35,"DWIGHT'S FLEET & AUTO","366 W 6100 S STE 1",MURRAY,84107,40.639422,-111.900256,1,rooftop,366,"W 6100 S","Salt Lake City",UT,"Salt Lake County",84107,US,"Utah AGRC (and individual UT counties)"
1327,,$31,"PEAK PERFORMANCE AUTO 1","2810 S 400 W","SALT LAKE CITY",84115,40.709729,-111.902761,1,rooftop,2810,"S 400 W","Salt Lake City",UT,"Salt Lake County",84115,US,"Utah AGRC (and individual UT counties)"
1330,,$30,"ZURITA'S AUTOMOTIVE LLC","3578 S 1950 W","WEST VALLEY",84119,40.694555,-111.945799,1,rooftop,3578,"S 1950 W","Salt Lake City",UT,"Salt Lake County",84119,US,"Utah AGRC (and individual UT counties)"
1331,,$2,"PRESTMAN AUTO","2865 SO STATE ST","SALT LAKE CITY",84115,40.714496,-111.893118,0.33,place,,,"Salt Lake City",UT,"Salt Lake County",84115,US,"TIGER/Line® dataset from the US Census Bureau"
1333,,$32,"BACK SHOP AUTO","3105 W 3500 S #2","WEST VALLEY CITY",84119,40.6964,-111.965766,1,rooftop,3105,"W 3500 S","Salt Lake City",UT,"Salt Lake County",84119,US,"Utah AGRC (and individual UT counties)"
1334,,$31,"FABIAN'S EMISSIONS & AUTO","2775 SO MAIN ST #B","SALT LAKE CITY",84115,40.714496,-111.893118,0.33,place,,,"Salt Lake City",UT,"Salt Lake County",84115,US,"TIGER/Line® dataset from the US Census Bureau"
1335,,$15,"STATE RADIATOR","8408 S STATE ST",MIDVALE,84047,40.598479,-111.891149,1,rooftop,8408,"S State St",Midvale,UT,"Salt Lake County",84047,US,"Utah AGRC (and individual UT counties)"
1337,,$40,"DW AUTO & TOWING","2690 W 3100 SO","WEST VALLEY",84119,40.70406,-111.957829,1,range_interpolation,2690,"W 3100 S","Salt Lake City",UT,"Salt Lake County",84119,US,"TIGER/Line® dataset from the US Census Bureau"
1338,,$20,"JS AUTOMOTIVE","260 W 900 SO","SALT LAKE CITY",84101,40.75008,-111.898842,1,rooftop,260,"W 900 S","Salt Lake City",UT,"Salt Lake County",84101,US,"Utah AGRC (and individual UT counties)"
1340,,$21,"MIKES COMPLETE AUTO REPAI","8238 SO STATE ST",MIDVALE,84047,40.61106,-111.89994,0.33,place,,,Midvale,UT,"Salt Lake County",84047,US,"TIGER/Line® dataset from the US Census Bureau"
1342,,$23,"GENERAL AUTO REPAIR","3426 S 300 W","SALT LAKE CITY",84115,40.696861,-111.900317,1,rooftop,3426,"S 300 W","Salt Lake City",UT,"Salt Lake County",84115,US,"Utah AGRC (and individual UT counties)"
1343,,$28,"KARL MALONE MITSUBISHI","10736 SO STATE ST",SANDY,84070,40.577106,-111.889047,0.33,place,,,Sandy,UT,"Salt Lake County",84070,US,"TIGER/Line® dataset from the US Census Bureau"
1344,,$25,"LAKE CITY AUTO","4020 S WEST TEMPLE",MURRAY,84107,40.685293,-111.894112,1,range_interpolation,4020,"S West Temple","Salt Lake City",UT,"Salt Lake County",84107,US,"TIGER/Line® dataset from the US Census Bureau"
1345,,$28,"AFFORDABLE CAR CARE","3385 W 3500 S","WEST VALLEY",84119,40.696319,-111.971925,1,rooftop,3385,"W 3500 S","Salt Lake City",UT,"Salt Lake County",84119,US,"Utah AGRC (and individual UT counties)"
1348,,$42,"BIG O TIRES COLEY INC","4745 S STATE ST","MURRAY ",84107,40.668529,-111.887656,1,rooftop,4745,"S State St","Salt Lake City",UT,"Salt Lake County",84107,US,"Utah AGRC (and individual UT counties)"
1349,,$30,"PRECISION TUNE AUTO CARE","5851 SO STATE ST",MURRAY,84107,40.666892,-111.887991,0.3,place,,,Murray,UT,"Salt Lake County",84107,US,"TIGER/Line® dataset from the US Census Bureau"
1353,,$37,"MCNEILS AUTO","10665 S 700 E",SANDY,84070,40.557702,-111.871646,1,rooftop,10665,"S 700 E",Sandy,UT,"Salt Lake County",84070,US,"Utah AGRC (and individual UT counties)"
1354,,$29,"SPEEDY AUTO REPAIR","205 E 3300 SO","SALT LAKE CITY",84115,40.700201,-111.885092,1,rooftop,205,"E 3300 S","Salt Lake City",UT,"Salt Lake County",84115,US,"Utah AGRC (and individual UT counties)"
1356,,$31,"RICHINS CAR SERVICE","568 E 12300 SO",DRAPER,84020,40.526445,-111.875983,1,rooftop,568,"E 12300 S",Draper,UT,"Salt Lake County",84020,US,"Utah AGRC (and individual UT counties)"
1358,,$45,"JIFFY LUBE NO.3442","13955 S BANGERTER PKWY",DRAPER,84020,40.498307,-111.884683,1,rooftop,13955,"S Bangerter Pkwy",Draper,UT,"Salt Lake County",84020,US,"Utah AGRC (and individual UT counties)"
1361,,$40,"JEANNETTE AUTO REPAIR","4091 SO STATE ST BLDG B","SALT LAKE CITY",84107,40.656796,-111.890414,0.33,place,,,"Salt Lake City",UT,"Salt Lake County",84107,US,"TIGER/Line® dataset from the US Census Bureau"
1362,,$31,"LARRY H MILLER USED CAR ","10990 SO AUTOMALL DR",SANDY,84070,40.577106,-111.889047,0.33,place,,,Sandy,UT,"Salt Lake County",84070,US,"TIGER/Line® dataset from the US Census Bureau"
1364,,$25,"EL NINO EMISSION AND INSP","4319 W 3500 SO","WEST VALLEY",84120,40.696394,-111.994251,1,rooftop,4319,"W 3500 S","Salt Lake City",UT,"Salt Lake County",84120,US,"Utah AGRC (and individual UT counties)"
1367,,$28,"PEP BOYS AUTO NO.794","2160 S 700 E","SALT LAKE CITY",84106,40.724027,-111.872051,1,rooftop,2160,"S 700 E","Salt Lake City",UT,"Salt Lake County",84106,US,"Utah AGRC (and individual UT counties)"
1368,,$30,"PEP BOYS AUTO NO.785","2040 W 3500 SO","SALT LAKE CITY",84119,40.697104,-111.945443,1,rooftop,2040,"W 3500 S","Salt Lake City",UT,"Salt Lake County",84119,US,"Utah AGRC (and individual UT counties)"
1370,,$34,"ALEXS AUTOHAUS","7470 SO STATE ST",MIDVALE,84047,40.61106,-111.89994,0.33,place,,,Midvale,UT,"Salt Lake County",84047,US,"TIGER/Line® dataset from the US Census Bureau"
1374,,$33,"PYLE WHEEL AND BRAKE SVC","3154 S 300 W","SALT LAKE CITY",84115,40.702387,-111.90003,1,rooftop,3154,"S 300 W","Salt Lake City",UT,"Salt Lake County",84115,US,"Utah AGRC (and individual UT counties)"
1375,,$46,"THE SMOG SHOP AUTO SVCS","836 SO REDWOOD RD","SALT LAKE CITY",84104,40.747845,-111.9841,0.33,place,,,"Salt Lake City",UT,"Salt Lake County",84104,US,"TIGER/Line® dataset from the US Census Bureau"
1376,,$37,"EMISSION TIME","32 E 9000 S",SANDY,84070,40.587492,-111.889781,1,rooftop,32,"E 9000 S",Sandy,UT,"Salt Lake County",84070,US,"Utah AGRC (and individual UT counties)"
1377,,$21,"ELITE EMISSIONS","4659 S STATE ST",MURRAY,84107,40.670495,-111.887862,1,rooftop,4659,"S State St","Salt Lake City",UT,"Salt Lake County",84107,US,"Utah AGRC (and individual UT counties)"
1380,,$30,"CONTRACT AUTO REPAIR","4004 SO WEST TEMPLE","SALT LAKE CITY",84107,40.656796,-111.890414,0.33,place,,,"Salt Lake City",UT,"Salt Lake County",84107,US,"TIGER/Line® dataset from the US Census Bureau"
1382,,$21,"VELOCITY AUTO SALES","12244 S GALENA PARK BLVD",DRAPER,84020,40.527828,-111.907375,1,rooftop,12244,"S Galena Park Blvd",Draper,UT,"Salt Lake County",84020,US,"Utah AGRC (and individual UT counties)"
1384,,$32,"ROCKY'S TIRE PROS","3939 SO STATE ST",MURRAY,84107,40.666892,-111.887991,0.3,place,,,Murray,UT,"Salt Lake County",84107,US,"TIGER/Line® dataset from the US Census Bureau"
1386,,$32,"STRONG VOLKSWAGEN INC","1070 S MAIN ST","SALT LAKE CITY",84101,40.745783,-111.891363,1,rooftop,1070,"S Main St","Salt Lake City",UT,"Salt Lake County",84101,US,"Utah AGRC (and individual UT counties)"
1387,,$21,"168 AUTO REPAIR","61 W 2100 SO","SALT LAKE CITY",84115,40.725291,-111.893068,1,rooftop,61,"W 2100 S","Salt Lake City",UT,"Salt Lake County",84115,US,"Utah AGRC (and individual UT counties)"
1389,,$31,"SLV CHRYSLER DODGE JEEP","2309 S STATE STREET","SALT LAKE CITY",84115,40.720718,-111.887703,1,rooftop,2309,"S State St","Salt Lake City",UT,"Salt Lake County",84115,US,"Utah AGRC (and individual UT counties)"
1391,,$31,"FASTLUBE PLUS LLC","1302 SO STATE ST","SALT LAKE CITY",84115,40.714496,-111.893118,0.33,place,,,"Salt Lake City",UT,"Salt Lake County",84115,US,"TIGER/Line® dataset from the US Census Bureau"
1395,,$44,"FABULOUS FREDDYS CAR WASH","1065 E 9400 SO",SANDY,84094,40.581191,-111.860347,1,rooftop,1065,"E 9400 S",Sandy,UT,"Salt Lake County",84094,US,"Utah AGRC (and individual UT counties)"
1405,,$11,"SINDY AUTO REPAIR","4690 S RIVERSIDE DR",MURRAY,84123,40.674548,-111.9056,0.7,range_interpolation,4690,"Riverside Dr","Salt Lake City",UT,"Salt Lake County",84123,US,"TIGER/Line® dataset from the US Census Bureau"
1407,,$30,"PRECISION TUNE","2547 SO STATE ST","SALT LAKE CITY",84115,40.714496,-111.893118,0.33,place,,,"Salt Lake City",UT,"Salt Lake County",84115,US,"TIGER/Line® dataset from the US Census Bureau"
1408,,$25,"LUCAS AUTO SERVICE & TOWI","3726 SO SECORD ST","SALT LAKE CITY",84115,40.714496,-111.893118,0.33,place,,,"Salt Lake City",UT,"Salt Lake County",84115,US,"TIGER/Line® dataset from the US Census Bureau"
1411,,$40,"BURT BROTHERS TIRE & SERV","13722 SO REDWOOD RD","RIVERTON ",84065,40.52189,-111.9391,0.33,place,,,Riverton,UT,"Salt Lake County",84065,US,"TIGER/Line® dataset from the US Census Bureau"
1413,,$37,"L AND T AUTO SERVICE","1255 W 400 S","SALT LAKE CITY",84104,40.760343,-111.927373,1,rooftop,1255,"W 400 S","Salt Lake City",UT,"Salt Lake County",84104,US,"Utah AGRC (and individual UT counties)"
1414,,$34,"VIKING AUTOMOTIVE","6905 S STATE ST",MIDVALE,84047,40.62586,-111.889689,1,rooftop,6905,"S State St",Midvale,UT,"Salt Lake County",84047,US,"Utah AGRC (and individual UT counties)"
1419,,$30,"VINCE QUANG'S AUTO","4149 SO MAIN ST SUITE 3","SALT LAKE CITY",84107,40.656796,-111.890414,0.33,place,,,"Salt Lake City",UT,"Salt Lake County",84107,US,"TIGER/Line® dataset from the US Census Bureau"
1420,,$34,"STEVES AUTOMOTIVE SPECIA ","9245 S 700 E",SANDY,84070,40.583792,-111.871891,1,rooftop,9245,"S 700 E",Sandy,UT,"Salt Lake County",84070,US,"Utah AGRC (and individual UT counties)"
1422,,$30,"BIG O TIRES","4546 S 900 E","SALT LAKE CITY",84117,40.672857,-111.866031,1,rooftop,4546,"S 900 E","Salt Lake City",UT,"Salt Lake County",84117,US,"Utah AGRC (and individual UT counties)"
1423,,$26,"VALLEY IMPORTS REPAIR LLC","1301 E MILLER AVE UNIT 12","SALT LAKE CITY",84106,40.703293,-111.854118,1,rooftop,1301,"E Miller Ave","Salt Lake City",UT,"Salt Lake County",84106,US,"Utah AGRC (and individual UT counties)"
1424,,$33,"JERRY SEINER KIA","10301 S JORDAN GATEWAY","SOUTH JORDAN",84095,40.562645,-111.90247,1,range_interpolation,10301,"S Jordan Gtwy","South Jordan",UT,"Salt Lake County",84095,US,"TIGER/Line® dataset from the US Census Bureau"
1425,,$36,"HERZ HIGH TECH","4339 W 3500 S","WEST VALLEY CITY",84120,40.696225,-111.994684,1,rooftop,4339,"W 3500 S","Salt Lake City",UT,"Salt Lake County",84120,US,"Utah AGRC (and individual UT counties)"
1429,,$41,"JIFFY LUBE NO.3732","2196 W 5400 So",TAYLORSVILLE,84129,40.653239,-111.947554,1,range_interpolation,2196,"W 5400 S","Salt Lake City",UT,"Salt Lake County",84129,US,"TIGER/Line® dataset from the US Census Bureau"
1432,,$41,"ALL ABOUT EMISSIONS","8610 S 700 E",SANDY,84070,40.594331,-111.872529,1,rooftop,8610,"S 700 E",Sandy,UT,"Salt Lake County",84070,US,"Utah AGRC (and individual UT counties)"
1436,,$37,"MAIN STREET MUFFLER","3683 S MAIN ST","SALT LAKE CITY",84115,40.691196,-111.890836,1,rooftop,3683,"S Main St","Salt Lake City",UT,"Salt Lake County",84115,US,"Utah AGRC (and individual UT counties)"
1439,,$41,"JIFFY LUBE NO.3740","3332 W South Jordan Pkwy","SOUTH JORDAN",84095,40.541268,-111.970384,0.6,rooftop,3332,"W Jordan Bend Rd","South Jordan",UT,"Salt Lake County",84095,US,"Utah AGRC (and individual UT counties)"
1440,,$41,"TIM DAHLE NISSAN","11155 SO JORDAN GTWY","SOUTH JORDAN",84095,40.554098,-111.953891,0.33,place,,,"South Jordan",UT,"Salt Lake County",84095,US,"TIGER/Line® dataset from the US Census Bureau"
1441,,$37,"TUNEX OF SOUTH JORDAN","1247 W SOUTH JORDAN PKWY","SOUTH JORDAN",84095,40.561936,-111.9271,1,range_interpolation,1247,"W South Jordan Pkwy","South Jordan",UT,"Salt Lake County",84095,US,"TIGER/Line® dataset from the US Census Bureau"
1442,,$35,"DEKRA SAFETY & EMISSIONS","7736 S STATE ST",MIDVALE,84047,40.610686,-111.891094,1,rooftop,7736,"S State St",Midvale,UT,"Salt Lake County",84047,US,"Utah AGRC (and individual UT counties)"
1443,,$38,"DEKRA SAFETY & EMISSIONS","5983 S 900 E",MURRAY,84121,40.642467,-111.865614,1,rooftop,5983,"S 900 E","Salt Lake City",UT,"Salt Lake County",84121,US,"Utah AGRC (and individual UT counties)"
1444,,$34,"DEKRA SAFETY & EMISSIONS","865 S STATE ST","SALT LAKE CITY",84111,40.750349,-111.887881,1,rooftop,865,"S State St","Salt Lake City",UT,"Salt Lake County",84111,US,"Utah AGRC (and individual UT counties)"
1446,,$36,"DEKRA SAFETY & EMISSIONS","1835 W 9000 S","WEST JORDAN",84088,40.587471,-111.941282,1,rooftop,1835,"W 9000 S","West Jordan",UT,"Salt Lake County",84088,US,"Utah AGRC (and individual UT counties)"
1448,,$30,"SOUTHTOWNE MAZDA","10785 SO AUTOMALL DR",SANDY,84070,40.577106,-111.889047,0.33,place,,,Sandy,UT,"Salt Lake County",84070,US,"TIGER/Line® dataset from the US Census Bureau"
1450,,$35,"L.A. AUTO REPAIR","315 E 3300 So","Salt Lake City",84115,40.700403,-111.882294,1,rooftop,315,"E 3300 S","Salt Lake City",UT,"Salt Lake County",84115,US,"Utah AGRC (and individual UT counties)"
1451,,$22,"DMV EMISSION & INSPECTION","4973 S REDWOOD RD",TAYLORSVILLE,84123,40.661149,-111.938548,1,rooftop,4973,"S Redwood Rd","Salt Lake City",UT,"Salt Lake County",84123,US,"Utah AGRC (and individual UT counties)"
1453,,$35,"HUNTER CASH SAVER","6809 W 3500 SO","WEST VALLEY",84128,40.696272,-112.053841,1,rooftop,6809,"W 3500 S","Salt Lake City",UT,"Salt Lake County",84128,US,"Utah AGRC (and individual UT counties)"
1454,,$21,"MASTER MUFFLER","2284 W 12600 S",RIVERTON,84065,40.522552,-111.949915,1,rooftop,2284,"W 12600 S",Riverton,UT,"Salt Lake County",84065,US,"Utah AGRC (and individual UT counties)"
1458,,$31,"J & A ECONOMIC COMPLETE","7359 SO STATE ST",MIDVALE,84047,40.61106,-111.89994,0.33,place,,,Midvale,UT,"Salt Lake County",84047,US,"TIGER/Line® dataset from the US Census Bureau"
1461,,$38,"QUICK EMISSIONS","2570 W 4700 SO",TAYLORSVILLE,84129,40.668015,-111.955538,1,rooftop,2570,"W 4700 S","Salt Lake City",UT,"Salt Lake County",84129,US,"Utah AGRC (and individual UT counties)"
1463,,$35,"CLIFF'S GARAGE","1489 SO MAJOR ST","SALT LAKE CITY",84115,40.714496,-111.893118,0.33,place,,,"Salt Lake City",UT,"Salt Lake County",84115,US,"TIGER/Line® dataset from the US Census Bureau"
1465,,$15,"IMAGE AUTO SALES","1308 W 7800 SO","WEST JORDAN",84088,40.609953,-111.929542,1,rooftop,1308,"W 7800 S","West Jordan",UT,"Salt Lake County",84088,US,"Utah AGRC (and individual UT counties)"
1466,,$34,MIDAS,"6180 SO STATE ST",MURRAY,84107,40.666892,-111.887991,0.3,place,,,Murray,UT,"Salt Lake County",84107,US,"TIGER/Line® dataset from the US Census Bureau"
1468,,$20,"MILLENIUM AUTO NETWORK","13203 SO MINUTEMAN DR",DRAPER,84020,40.506148,-111.869671,0.33,place,,,Draper,UT,"Salt Lake County",84020,US,"TIGER/Line® dataset from the US Census Bureau"
1471,,$21,"UTAH AUTOMOTIVE","4100 SO STATE ST","SALT LAKE CITY",84107,40.656796,-111.890414,0.33,place,,,"Salt Lake City",UT,"Salt Lake County",84107,US,"TIGER/Line® dataset from the US Census Bureau"
1472,,$24,"QUALITY AUTOMOTIVE","740 W1700 SO #10","SALT LAKE CITY",84104,40.734043,-111.912241,0.9,rooftop,740,"W 1700 S","Salt Lake City",UT,"Salt Lake County",84104,US,"Utah AGRC (and individual UT counties)"
1473,,$27,"GUS SHOP","3092 S STATE ST","SALT LAKE CITY",84115,40.703758,-111.888635,1,rooftop,3092,"S State St","Salt Lake City",UT,"Salt Lake County",84115,US,"Utah AGRC (and individual UT counties)"
1475,,$30,"ADVANCED SVC AUTOMOTIVE","4485 W 3500 SO","WEST VALLEY",84120,40.696202,-111.998154,1,rooftop,4485,"W 3500 S","Salt Lake City",UT,"Salt Lake County",84120,US,"Utah AGRC (and individual UT counties)"
1477,,$22,"ASE EMISSION & INSPECTION","150 W 4800 SO #4",MURRAY,84107,40.66876,-111.894484,1,rooftop,150,"W 4800 S","Salt Lake City",UT,"Salt Lake County",84107,US,"Utah AGRC (and individual UT counties)"
1478,,$42,"GREASE MONKEY","3668 W 11400 S","SOUTH JORDAN",84095,40.544618,-111.978507,1,rooftop,3668,"W 11400 S","South Jordan",UT,"Salt Lake County",84095,US,"Utah AGRC (and individual UT counties)"
1480,,$26,"C B AUTO LLC","1661 W 900 S","SALT LAKE CITY ",84104,40.750086,-111.938343,1,rooftop,1661,"W 900 S","Salt Lake City",UT,"Salt Lake County",84104,US,"Utah AGRC (and individual UT counties)"
1482,,$26,"SUPER EMISSIONS","2686 S 300 W","SALT LAKE CITY",84115,40.713448,-111.900071,1,rooftop,2686,"S 300 W","Salt Lake City",UT,"Salt Lake County",84115,US,"Utah AGRC (and individual UT counties)"
1483,,$25,"NATE WADE SUBARU","555 W 1700 SO","SALT LAKE CITY",84115,40.733302,-111.907181,1,rooftop,555,"W 1700 S","Salt Lake City",UT,"Salt Lake County",84115,US,"Utah AGRC (and individual UT counties)"
1485,,$37,"DEKRA SAFETY & EMISSIONS","1754 W 12600 S",Riverton,84065,40.522721,-111.939928,1,rooftop,1754,"W 12600 S",Riverton,UT,"Salt Lake County",84065,US,"Utah AGRC (and individual UT counties)"
1486,,$30,"AUTO ZOKA LLC","3584 S 1950 W #9","WEST VALLEY",84119,40.694953,-111.945375,1,rooftop,3584,"S 1950 W","Salt Lake City",UT,"Salt Lake County",84119,US,"Utah AGRC (and individual UT counties)"
1487,,$32,"HAVOLINE XPRESS LUBE","4689 W 12600 SO",RIVERTON,84065,40.522239,-112.002716,1,range_interpolation,4689,"W 12600 S",Riverton,UT,"Salt Lake County",84065,US,"TIGER/Line® dataset from the US Census Bureau"
1488,,$28,"KT AUTO REPAIR","321 W VINE ST",MURRAY,84107,40.660614,-111.900403,1,rooftop,321,"W Vine St","Salt Lake City",UT,"Salt Lake County",84107,US,"Utah AGRC (and individual UT counties)"
1490,,$25,"TUNEX OF EAST SANDY","9225 S 700 E",SANDY,84070,40.58444,-111.871853,1,rooftop,9225,"S 700 E",Sandy,UT,"Salt Lake County",84070,US,"Utah AGRC (and individual UT counties)"
1491,,$39,"BURT BROTHERS TIRE & SERV","1618 W 9000 So","West Jordan",84088,40.587944,-111.936155,1,rooftop,1618,"W 9000 S","West Jordan",UT,"Salt Lake County",84088,US,"Utah AGRC (and individual UT counties)"
1492,,$25,"DAVINS AUTOMOTIVE LLC","328 W 800 So","Salt Lake City ",84101,40.752093,-111.901725,1,range_interpolation,328,"W 800 S","Salt Lake City",UT,"Salt Lake County",84101,US,"TIGER/Line® dataset from the US Census Bureau"
1493,,$50,"INDEPENDENT TIRE INC","361 W Whitney Ave","Salt Lake City",84115,40.737809,-111.902209,0.8,nearest_rooftop_match,375,"W Whitney Ave","Salt Lake City",UT,"Salt Lake County",84115,US,"Utah AGRC (and individual UT counties)"
1494,,$26,"JONES COMPLETE CAR CARE","4621 S 900 E","Salt Lake City",84117,40.670107,-111.86499,1,rooftop,4621,"S 900 E","Salt Lake City",UT,"Salt Lake County",84117,US,"Utah AGRC (and individual UT counties)"
1495,,$42,"MASTER LUBE","3480 S Redwood Rd","West Valley City",84119,40.697281,-111.939372,1,rooftop,3480,"S Redwood Rd","Salt Lake City",UT,"Salt Lake County",84119,US,"Utah AGRC (and individual UT counties)"
1497,,$30,"ADDICTIVE BEHAVIOR MOTORW","454 So 500 W","Salt Lake City ",84101,40.759249,-111.905785,1,rooftop,454,"S 500 W","Salt Lake City",UT,"Salt Lake County",84101,US,"Utah AGRC (and individual UT counties)"
1499,,$26,"UNITECH AUTOMOTIVE","4671 W 3500 So #C","West Valley ",84120,40.69643,-112.002503,1,range_interpolation,4671,"W 3500 S","Salt Lake City",UT,"Salt Lake County",84120,US,"TIGER/Line® dataset from the US Census Bureau"
1500,,$27,"EMISSION CLINIC","775 S 300 W","Salt Lake City ",84101,40.752291,-111.899193,1,rooftop,775,"S 300 W","Salt Lake City",UT,"Salt Lake County",84101,US,"Utah AGRC (and individual UT counties)"
1502,,$15,"AMERICA'S AUTO","1665 N CHICAGO STREET","SALT LAKE CITY",84116,40.803584,-111.918573,1,rooftop,1665,"N Chicago St","Salt Lake City",UT,"Salt Lake County",84116,US,"Utah AGRC (and individual UT counties)"
1504,,$35,"MASTER MUFFLER","4118 W 3500 S","WEST VALLEY",84120,40.696864,-111.989499,1,rooftop,4118,"W 3500 S","Salt Lake City",UT,"Salt Lake County",84120,US,"Utah AGRC (and individual UT counties)"
1505,,$37,"TUNEX OF RIVERTON","3901 W INNOVATION DR",RIVERTON,84065,40.507366,-111.984099,1,rooftop,3901,"W Innovation Dr",Riverton,UT,"Salt Lake County",84065,US,"Utah AGRC (and individual UT counties)"
1506,,$25,"D-R AUTO REPAIR","3020 W 500 S UNIT J","SALT LAKE CITY",84104,40.759574,-111.963464,1,rooftop,3020,"W 500 S","Salt Lake City",UT,"Salt Lake County",84104,US,"Utah AGRC (and individual UT counties)"
1509,,$30,"FAST LUBE PLUS","3669 S REDWOOD RD","WEST VALLEY CITY",84119,40.692582,-111.938498,1,rooftop,3669,"S Redwood Rd","Salt Lake City",UT,"Salt Lake County",84119,US,"Utah AGRC (and individual UT counties)"
1510,,$26,"KEN GARFF HYUNDIA SOUTHTO","10770 So Auto Mall Dr",Sandy,84070,40.577106,-111.889047,0.33,place,,,Sandy,UT,"Salt Lake County",84070,US,"TIGER/Line® dataset from the US Census Bureau"
1511,,$30,"EMISSIONS & SAFETY","1287 W 12600 S",RIVERTON,84065,40.521848,-111.928864,1,rooftop,1287,"W 12600 S",Riverton,UT,"Salt Lake County",84065,US,"Utah AGRC (and individual UT counties)"
1513,,$28,"SHORTSTOP EMISSION & INSP","25 E MILLER AVE","SALT LAKE CITY ",84115,40.701941,-111.890451,1,range_interpolation,25,"E Miller Ave","Salt Lake City",UT,"Salt Lake County",84115,US,"TIGER/Line® dataset from the US Census Bureau"
1514,,$30,"SWENSONS SAFETY & EMISSIO","134 W 2700 So Unit B","Salt Lake City",84115,40.712939,-111.895135,1,rooftop,134,"W 2700 S","Salt Lake City",UT,"Salt Lake County",84115,US,"Utah AGRC (and individual UT counties)"
1515,,$34,"LANCER AUTOMOTIVE INC.","6205 S Highland Dr","Salt Lake City",84121,40.638221,-111.833964,1,rooftop,6205,"S Highland Dr","Salt Lake City",UT,"Salt Lake County",84121,US,"Utah AGRC (and individual UT counties)"
1516,,$33,"LHM FORD LINCOLN DRAPER","11442 So Lone Peak Pkwy",Draper,84020,40.506148,-111.869671,0.33,place,,,Draper,UT,"Salt Lake County",84020,US,"TIGER/Line® dataset from the US Census Bureau"
1517,,$34,"ALTA VIEW TIRES & SERVICE","1190 E 9400 So",Sandy,84094,40.580144,-111.856336,1,rooftop,1190,"E 9400 S",Sandy,UT,"Salt Lake County",84094,US,"Utah AGRC (and individual UT counties)"
1520,,$20,"5 SPEED AUTO LLC","4180 S State St #A","Salt Lake City",84107,40.680767,-111.888754,1,rooftop,4180,"S State St","Salt Lake City",UT,"Salt Lake County",84107,US,"Utah AGRC (and individual UT counties)"
1521,,$42,"JERRY SEINER KIA","1532 S 500 W","SALT LAKE CITY",84115,40.736524,-111.905557,1,range_interpolation,1532,"S 500 W","Salt Lake City",UT,"Salt Lake County",84115,US,"TIGER/Line® dataset from the US Census Bureau"
1522,,$35,"PYRAMID AUTO SALES","4565 W 3500 S","WEST VALLEY CITY",84120,40.696339,-111.99965,1,rooftop,4565,"W 3500 S","Salt Lake City",UT,"Salt Lake County",84120,US,"Utah AGRC (and individual UT counties)"
1523,,$30,"SALT LAKE MITSUBISHI","3734 S STATE ST","SALT LAKE CITY",84115,40.690187,-111.889286,1,rooftop,3734,"S State St","Salt Lake City",UT,"Salt Lake County",84115,US,"Utah AGRC (and individual UT counties)"
1525,,$27,"HINCKLEY AUTOMOTIVE INC","4231 S STATE ST","SALT LAKE CITY",84107,40.679393,-111.887761,1,rooftop,4231,"S State St","Salt Lake City",UT,"Salt Lake County",84107,US,"Utah AGRC (and individual UT counties)"
1526,,$30,"OQUIRRH TIRE SERVICE","5970 W DANNON WY","WEST JORDAN",84081,40.583295,-112.033336,1,rooftop,5970,"W Dannon Way","West Jordan",UT,"Salt Lake County",84081,US,"Utah AGRC (and individual UT counties)"
1527,,$38,CARBMASTER,"8409 S OLD BINGHAM HWY","WEST JORDAN",84088,40.598306,-111.972756,1,rooftop,8409,"S Old Bingham Hwy","West Jordan",UT,"Salt Lake County",84088,US,"Utah AGRC (and individual UT counties)"
1528,,$39,"BIG O TIRES","2002 E 3300 S","SALT LAKE CITY",84109,40.699694,-111.83373,1,rooftop,2002,"E 3300 S","Salt Lake City",UT,"Salt Lake County",84109,US,"Utah AGRC (and individual UT counties)"
1530,,$27,"BE AUTO SMART","7709 S REDWOOD RD","WEST JORDAN",84084,40.610779,-111.938432,1,rooftop,7709,"S Redwood Rd","West Jordan",UT,"Salt Lake County",84084,US,"Utah AGRC (and individual UT counties)"
1531,,$23,"ISAAC'S AUTOMOTIVE","2722 S CONSTITUTION BLVD","WEST VALLEY CITY",84119,40.711914,-111.958448,1,rooftop,2722,"S Constitution Blvd","Salt Lake City",UT,"Salt Lake County",84119,US,"Utah AGRC (and individual UT counties)"
1532,,$35,"MASTER LUBE #30","4650 S CONSTITUTION BLVD","WEST VALLEY CITY",84129,40.668324,-111.958415,0.8,rooftop,4650,"S Constitution Blvd","Salt Lake City",UT,"Salt Lake County",84119,US,"Utah AGRC (and individual UT counties)"
1535,,$30,"MERCEDES-BENZ OF DRAPER","11548 S LONE PEAK PKWY",DRAPER,84020,40.54167,-111.899888,1,rooftop,11548,"S Lone Peak Pkwy",Draper,UT,"Salt Lake County",84020,US,"Utah AGRC (and individual UT counties)"
1537,,$20,"KIMBALL PROPERTY MAINT","12717 S 125 E",DRAPER,84020,40.51986,-111.887149,1,rooftop,12717,"S 125 E",Draper,UT,"Salt Lake County",84020,US,"Utah AGRC (and individual UT counties)"
1538,,$11,"GARCIA AUTOMOTIVE","3994 S 300 W #64",MILLCREEK,84107,40.684777,-111.901866,1,rooftop,3994,"S 300 W","Salt Lake City",UT,"Salt Lake County",84107,US,"Utah AGRC (and individual UT counties)"
1540,,$20,"NEW LEVEL PERFORMANCE EX","208 W PARAMOUNT AVE","SALT LAKE CITY",84115,40.736547,-111.897192,1,rooftop,208,"W Paramount Ave","Salt Lake City",UT,"Salt Lake County",84115,US,"Utah AGRC (and individual UT counties)"
1541,,$35,"SUNBURST AUTOMOTIVE SVC","1760 S STATE ST","SALT LAKE CITY",84115,40.732,-111.888516,1,rooftop,1760,"S State St","Salt Lake City",UT,"Salt Lake County",84115,US,"Utah AGRC (and individual UT counties)"
1543,,$35,"2 MECHANICS TRUCK & AUTO","1604 W 7800 S","WEST JORDAN",84088,40.609782,-111.936786,1,rooftop,1604,"W 7800 S","West Jordan",UT,"Salt Lake County",84088,US,"Utah AGRC (and individual UT counties)"
1544,,$17,"TECH MOTORS","7930 S STATE ST",MIDVALE,84047,40.607277,-111.891402,1,rooftop,7930,"S State St",Midvale,UT,"Salt Lake County",84047,US,"Utah AGRC (and individual UT counties)"
1545,,$40,"JIFFY LUBE NO 3851 ","7087 S BINGHAM JUNCTION BLVD",MIDVALE,84047,40.622816,-111.912491,1,rooftop,7087,"S Bingham Junction Blvd",Midvale,UT,"Salt Lake County",84047,US,"Utah AGRC (and individual UT counties)"
1546,,$25,"QUALITY AUTO","3575 S WEST TEMPLE ST","SALT LAKE CITY",84115,40.693525,-111.893828,1,range_interpolation,3575,"S West Temple St","Salt Lake City",UT,"Salt Lake County",84115,US,"TIGER/Line® dataset from the US Census Bureau"
1547,,$34,"MPG CAR CARE","9356 S STATE ST",SANDY,84070,40.581315,-111.891381,1,rooftop,9356,"S State St",Sandy,UT,"Salt Lake County",84070,US,"Utah AGRC (and individual UT counties)"
1548,,$22,"CURT'S CAR WASH ","9251 S 1300 E",SANDY,84094,40.58296,-111.852782,1,rooftop,9251,"S 1300 E",Sandy,UT,"Salt Lake County",84094,US,"Utah AGRC (and individual UT counties)"
1550,,$30,"K & S AUTOMOTIVE","4608 W 4100 S","WEST VALLEY CITY",84120,40.682285,-112.001408,1,rooftop,4608,"W 4100 S","Salt Lake City",UT,"Salt Lake County",84120,US,"Utah AGRC (and individual UT counties)"
1551,,$15,"RUSH DIESEL & AUTOMOTIVE","7936 S STATE ST",MIDVALE,84047,40.607179,-111.891403,1,rooftop,7936,"S State St",Midvale,UT,"Salt Lake County",84047,US,"Utah AGRC (and individual UT counties)"
1552,,$28,"EQUITY AUTO ","2437 S 3270 W","WEST VALLEY CITY",84119,40.717385,-111.968605,1,rooftop,2437,"S 3270 W","Salt Lake City",UT,"Salt Lake County",84119,US,"Utah AGRC (and individual UT counties)"
1553,,$37,"SUPERIOR AUTO REPAIR","3555 S 700 W #D","SALT LAKE CITY",84119,40.694732,-111.910762,1,rooftop,3555,"S 700 W","Salt Lake City",UT,"Salt Lake County",84119,US,"Utah AGRC (and individual UT counties)"
1554,,$20,"BIZ AUTO ","3999 S MAIN ST NG","SALT LAKE CITY",84107,40.685007,-111.890917,1,rooftop,3999,"S Main St","Salt Lake City",UT,"Salt Lake County",84107,US,"Utah AGRC (and individual UT counties)"
1555,,$20,"ALLIANCE AUTO GROUP LLC ","7291 S STATE ST UNIT 2",MIDVALE,84047,40.618963,-111.890019,1,rooftop,7291,"S State St",Midvale,UT,"Salt Lake County",84047,US,"Utah AGRC (and individual UT counties)"
1557,,$27,"SANDY CITY CORP - FLEET","8775 S 700 W",SANDY,84070,40.592421,-111.909682,1,rooftop,8775,"S 700 W",Sandy,UT,"Salt Lake County",84070,US,"Utah AGRC (and individual UT counties)"
1558,,$30,"AA AUTO REPAIR ","4301 W 3500 S","WEST VALLEY CITY",84120,40.696392,-111.993902,1,rooftop,4301,"W 3500 S","Salt Lake City",UT,"Salt Lake County",84120,US,"Utah AGRC (and individual UT counties)"
1559,,$34,"J & D AUTO REPAIR","634 W CENTER ST",MIDVALE,84047,40.61109,-111.90843,1,rooftop,634,"W Center St",Midvale,UT,"Salt Lake County",84047,US,"Utah AGRC (and individual UT counties)"
1561,,$37,"WARNER VANS OF UTAH","5396 W 2400 S","WEST VALLEY CITY",84120,40.718822,-112.019975,1,rooftop,5396,"W 2400 S","Salt Lake City",UT,"Salt Lake County",84120,US,"Utah AGRC (and individual UT counties)"
1562,,$30,"VIOC DRAPER","603 E 12300 S",DRAPER,84020,40.527119,-111.87497,1,rooftop,603,"E 12300 S",Draper,UT,"Salt Lake County",84020,US,"Utah AGRC (and individual UT counties)"
1563,,$75,"INTEGRITY FIRST AUTOMOTIV","8020 S 1300 W","WEST JORDAN",84088,40.605596,-111.92904,1,range_interpolation,8020,"S 1300 W","West Jordan",UT,"Salt Lake County",84088,US,"TIGER/Line® dataset from the US Census Bureau"
1565,,$22,"GOLDEN LAND AUTOMOTIVE","3845 S STATE ST","SOUTH SALT LAKE",84115,40.688072,-111.887935,1,rooftop,3845,"S State St","Salt Lake City",UT,"Salt Lake County",84115,US,"Utah AGRC (and individual UT counties)"
1566,,$34,"MAGNA AUTO & TIRE CENTER","8120 W 3500 S",MAGNA,84044,40.696762,-112.08481,1,rooftop,8120,"W 3500 S",Magna,UT,"Salt Lake County",84044,US,"Utah AGRC (and individual UT counties)"
1567,,$28,"KEN GARFF WVF","4091 W 3500 S","WEST VALLEY CITY",84120,40.694897,-111.988373,1,rooftop,4091,"W 3500 S","Salt Lake City",UT,"Salt Lake County",84120,US,"Utah AGRC (and individual UT counties)"
1568,,$39,"GREASE MONKEY","214 E 13800 S",DRAPER,84020,40.500431,-111.884447,1,rooftop,214,"E 13800 S",Draper,UT,"Salt Lake County",84020,US,"Utah AGRC (and individual UT counties)"
1569,,$37,"GREASE MONKEY","2928 S GLEN EAGLE DR","WEST VALLEY CITY",84128,40.70687,-112.026289,1,rooftop,2928,"S Glen Eagles Dr","Salt Lake City",UT,"Salt Lake County",84128,US,"Utah AGRC (and individual UT counties)"
1570,,$35,"LHM USED CAR SUPERMARKET ","200 W 9000 S",SANDY,84070,40.588547,-111.896822,1,rooftop,200,"W 9000 S",Sandy,UT,"Salt Lake County",84070,US,"Utah AGRC (and individual UT counties)"
1571,,$39,"D & V AUTO REPAIR INC ","3495 S 8400 W",MAGNA,84044,40.696937,-112.091553,1,rooftop,3495,"S 8400 W",Magna,UT,"Salt Lake County",84044,US,"Utah AGRC (and individual UT counties)"
1572,,$32,"GERMAN AUTO SPECIALISTS","1372 W 7800 S","WEST JORDAN",84088,40.609942,-111.931292,1,rooftop,1372,"W 7800 S","West Jordan",UT,"Salt Lake County",84088,US,"Utah AGRC (and individual UT counties)"
1573,,$27,"WEST AUTO SALES","3777 S REDWOOD RD","WEST VALLEY CITY",84119,40.689881,-111.937992,1,rooftop,3777,"S Redwood Rd","Salt Lake City",UT,"Salt Lake County",84119,US,"Utah AGRC (and individual UT counties)"
1574,,$42,"BIG O TIRES","3557 S 5600 W","WEST VALLEY CITY",84120,40.695197,-112.024319,1,rooftop,3557,"S 5600 W","Salt Lake City",UT,"Salt Lake County",84120,US,"Utah AGRC (and individual UT counties)"
1575,,$30,"RIVERS AUTO SOLUTIONS LLC","1010 W MARGARET AVE","SALT LAKE CITY",84104,40.731043,-111.920255,1,rooftop,1010,"W Margaret Ave","Salt Lake City",UT,"Salt Lake County",84104,US,"Utah AGRC (and individual UT counties)"
1576,,$33,"MAGNA AUTOMOTIVE CENTER ","8840 W MAGNA MAIN ST",MAGNA,84044,40.711355,-112.102434,1,rooftop,8840,"W Magna Main St",Magna,UT,"Salt Lake County",84044,US,"Utah AGRC (and individual UT counties)"
1577,,$46,"HAVOLINE XPRESS LUBE","9492 S HIGHLAND DR",SANDY,84092,40.578645,-111.836068,1,rooftop,9492,"S Highland Dr",Sandy,UT,"Salt Lake County",84092,US,"Utah AGRC (and individual UT counties)"
1578,,$30,"MEINEKE OF MURRAY","4670 S 900 E",MURRAY,84117,40.668933,-111.867226,1,rooftop,4670,"S 900 E","Salt Lake City",UT,"Salt Lake County",84117,US,"Utah AGRC (and individual UT counties)"
1579,,$25,"V and C Auto Repair","3406 S Redwood Rd.","West Valley City",84119,40.698495,-111.939242,1,rooftop,3406,"S Redwood Rd","Salt Lake City",UT,"Salt Lake County",84119,US,"Utah AGRC (and individual UT counties)"
1580,,$35,"INTERMOUNTAIN LIFT TRUCK","2530 W 1500 S","SALT LAKE CITY",84104,40.738048,-111.955772,1,rooftop,2530,"W 1500 S","Salt Lake City",UT,"Salt Lake County",84104,US,"Utah AGRC (and individual UT counties)"
1581,,$21,"AFG AUTO REPAIR","4651 S 500 W #10",MURRAY,84123,40.671531,-111.905366,1,rooftop,4651,"S 500 W","Salt Lake City",UT,"Salt Lake County",84123,US,"Utah AGRC (and individual UT counties)"
1582,,$28,"BLUE PISTON AUTO REPAIR ","319 W VINE ST",MURRAY,84107,40.660629,-111.900205,1,rooftop,319,"W Vine St","Salt Lake City",UT,"Salt Lake County",84107,US,"Utah AGRC (and individual UT counties)"
1583,,$25,"A & P PROMOBILE INC.","2212 S W TEMPLE #28","SALT LAKE CITY",84115,40.714496,-111.893118,0.33,place,,,"Salt Lake City",UT,"Salt Lake County",84115,US,"TIGER/Line® dataset from the US Census Bureau"
1584,,$36,"BB EMISSIONS","4832 S MURRAY BLVD",MURRAY,84123,40.666839,-111.906769,1,rooftop,4832,"S Murray Blvd","Salt Lake City",UT,"Salt Lake County",84123,US,"Utah AGRC (and individual UT counties)"
1585,,$39,"TUNEX OF COTTONWOOD","6955 S GREENFIELD WAY","COTTONWOOD HEIGHTS",84121,40.625153,-111.836392,1,rooftop,6955,"S Greenfield Way","Salt Lake City",UT,"Salt Lake County",84121,US,"Utah AGRC (and individual UT counties)"
1586,,$10,"POLANCO SERVICES","3999 S MAIN STREET #6","MILLCREEK ",84107,40.685007,-111.890917,1,rooftop,3999,"S Main St","Salt Lake City",UT,"Salt Lake County",84107,US,"Utah AGRC (and individual UT counties)"
1587,,$20,"CARZONE AUTO CARE","1999 W 3500 S","WEST VALLEY CITY",84119,40.696373,-111.944536,1,rooftop,1999,"W 3500 S","Salt Lake City",UT,"Salt Lake County",84119,US,"Utah AGRC (and individual UT counties)"
1588,,$27,"PATAGONIA AUTO SALES","377 W 5900 S",MURRAY,84107,40.642706,-111.90106,1,rooftop,377,"W 5900 S","Salt Lake City",UT,"Salt Lake County",84107,US,"Utah AGRC (and individual UT counties)"
1589,,$21,"TJ CHAPMAN AUTO","2021 N REDWOOD RD #B","NORTH SALT LAKE",84116,40.811106,-111.939919,1,rooftop,2021,"N Redwood Rd","Salt Lake City",UT,"Salt Lake County",84116,US,"Utah AGRC (and individual UT counties)"
1590,,$35,"CERTIFIED AUTOMOTIVE","3361 S WEST TEMPLE","SALT LAKE CITY",84115,40.698271,-111.893838,1,range_interpolation,3361,"S West Temple","Salt Lake City",UT,"Salt Lake County",84115,US,"TIGER/Line® dataset from the US Census Bureau"
1591,,$15,"BLUE STAR INSPECTIONS","640 W 7250 S",MIDVALE,84047,40.62034,-111.908252,1,rooftop,640,"W 7250 S",Midvale,UT,"Salt Lake County",84047,US,"Utah AGRC (and individual UT counties)"
1592,,$25,"GUS PAULOS CHEVY","4050 W 3500 S","WEST VALLEY CITY",84120,40.697267,-111.987577,1,rooftop,4050,"W 3500 S","Salt Lake City",UT,"Salt Lake County",84120,US,"Utah AGRC (and individual UT counties)"
1593,,$21,"DANIEL'S EMISSIONS","79 W FREMONT AVE","SALT LAKE CITY",84101,40.74466,-111.89341,1,rooftop,79,"W Fremont Ave","Salt Lake City",UT,"Salt Lake County",84101,US,"Utah AGRC (and individual UT counties)"
1594,,$31,"FULTON AUTOMOTIVE","2755 E 3300 S",MILLCREEK,84109,40.700173,-111.813922,1,rooftop,2755,"E 3300 S","Salt Lake City",UT,"Salt Lake County",84109,US,"Utah AGRC (and individual UT counties)"
1595,,$31,"CHAVEZ AUTO SALES","1520 S PIONEER RD","SALT LAKE CITY",84104,40.737213,-111.958346,1,rooftop,1520,"S Pioneer Rd","Salt Lake City",UT,"Salt Lake County",84104,US,"Utah AGRC (and individual UT counties)"
1596,,$34,"BURT BROTHERS TIRE & SERV","204 E 300 S","SALT LAKE CITY",84111,40.762677,-111.88529,1,range_interpolation,204,"E 300 S","Salt Lake City",UT,"Salt Lake County",84111,US,"TIGER/Line® dataset from the US Census Bureau"
1597,,$25,"EL GARAGE AUTO SERVICE","5419 S 4015 W",TAYLORSVILLE,84129,40.652758,-111.986504,1,rooftop,5419,"S 4015 W","Salt Lake City",UT,"Salt Lake County",84129,US,"Utah AGRC (and individual UT counties)"
1598,,$35,"JEFFREY P DAVIS AUTOMOTIV","4707 S COMMERCE DR",MURRAY,84107,40.669558,-111.898523,1,rooftop,4707,"S Commerce Dr","Salt Lake City",UT,"Salt Lake County",84107,US,"Utah AGRC (and individual UT counties)"
1599,,$31,"BIG O TIRES","4646 S 900 E","SALT LAKE CITY",84117,40.67139,-111.865679,1,range_interpolation,4646,"S 900 E","Salt Lake City",UT,"Salt Lake County",84117,US,"TIGER/Line® dataset from the US Census Bureau"
1600,,$34,"EMISSIONS PLUS","1699 W NORTH TEMPLE ST","SALT LAKE CITY",84116,40.771373,-111.938811,0.7,range_interpolation,1699,"N Temple St","Salt Lake City",UT,"Salt Lake County",84116,US,"TIGER/Line® dataset from the US Census Bureau"
1601,,$50,"VALVOLINE INSTANT OIL ","1065 E 9400 S",SANDY,84094,40.581191,-111.860347,1,rooftop,1065,"E 9400 S",Sandy,UT,"Salt Lake County",84094,US,"Utah AGRC (and individual UT counties)"
4011,,$27,"KENWORTH SALES CO. INC.","2125 CONSTITUTION BLVD","WEST VALLEY",84119,40.724548,-111.957919,1,range_interpolation,2125,"Constitution Blvd","Salt Lake City",UT,"Salt Lake County",84119,US,"TIGER/Line® dataset from the US Census Bureau"
4013,,$60,"PRECISION TRUCK & TRAILER","1220 SO PIONEER RD","SALT LAKE CITY",84104,40.747845,-111.9841,0.33,place,,,"Salt Lake City",UT,"Salt Lake County",84104,US,"TIGER/Line® dataset from the US Census Bureau"
4014,,$93,"UNITED DIESEL SERVICE INC","1905 SO PIONEER RD","SALT LAKE CITY",84104,40.747845,-111.9841,0.33,place,,,"Salt Lake City",UT,"Salt Lake County",84104,US,"TIGER/Line® dataset from the US Census Bureau"
4021,,$15,"RYDER TRUCK RENTAL","3444 W DIRECTORS ROW","SALT LAKE CITY",84104,40.746182,-111.973325,1,rooftop,3444,"W Directors Row","Salt Lake City",UT,"Salt Lake County",84104,US,"Utah AGRC (and individual UT counties)"
4025,,$40,"FREIGHTLINER OF UTAH","2240 S 5370 W","WEST VALLEY CITY",84120,40.72267,-112.020132,1,rooftop,2240,"S 5370 W","Salt Lake City",UT,"Salt Lake County",84120,US,"Utah AGRC (and individual UT counties)"
4044,,$41,"COMMERCIAL TRUCKS SALES &","2466 S 2570 W","WEST VALLEY",84119,40.716973,-111.956078,1,rooftop,2466,"S 2570 W","Salt Lake City",UT,"Salt Lake County",84119,US,"Utah AGRC (and individual UT counties)"
4045,,$40,"SEAGULL DIESEL REPAIR INC","2223 N REDWOOD RD","SALT LAKE CITY",84116,40.815402,-111.938628,1,range_interpolation,2223,"State Rte 68","Salt Lake City",UT,"Salt Lake County",84116,US,"TIGER/Line® dataset from the US Census Bureau"
4053,,$48,"TIRE WORLD TRUCK CENTER","431 W 1500 SO","SALT LAKE CITY",84115,40.736605,-111.902688,1,rooftop,431,"W 1500 S","Salt Lake City",UT,"Salt Lake County",84115,US,"Utah AGRC (and individual UT counties)"
4055,,$35,"RUSH INTERNATIONAL TRUCK","964 SOUTH 3800 WEST","SALT LAKE CITY",84104,40.747749,-111.983677,1,rooftop,964,"S 3800 W","Salt Lake City",UT,"Salt Lake County",84104,US,"Utah AGRC (and individual UT counties)"
4056,,$40,"PETE'S DIESEL","5701 W 700 SO","SALT LAKE CITY",84104,40.755155,-112.026913,1,rooftop,5701,"W 700 S","Salt Lake City",UT,"Salt Lake County",84104,US,"Utah AGRC (and individual UT counties)"
,,,,,,,39.334993,-111.656333,1,state,,,,UT,,,US,"US Census Bureau"
Average,,"$ 33",,,,,39.334993,-111.656333,1,state,,,,UT,,,US,"US Census Bureau"
